Theta,AB de Villiers,Andre Russel,Ben Stokes,Chris Gayle,Chris Lynn,David Warner,Faf Du Plessis,Jonny Bairstow,Jos Buttler,Kane Williamson,Kieron Pollard,Marcus Stoinis,Moeen Ali,Quinton de Kock,Shane Watson,Steve Smith
1.00,5,4,16,2,8,1,9,6,12,15,10,14,13,3,7,11
1.10,5,4,16,2,8,1,9,6,12,15,10,14,13,3,7,11
1.20,5,4,16,2,8,1,9,6,12,15,10,14,13,3,7,11
1.30,5,3,16,2,8,1,9,6,12,15,10,14,13,4,7,11
1.40,5,3,16,2,8,1,9,6,12,15,10,14,13,4,7,11
1.50,5,3,16,2,8,1,9,6,12,15,10,14,13,4,7,11
1.60,5,3,16,2,8,1,9,6,12,15,10,14,13,4,7,11
1.70,5,3,16,2,8,1,9,6,12,15,10,14,13,4,7,11
1.80,5,3,16,2,8,1,9,6,12,15,10,14,13,4,7,11
1.90,5,3,16,2,8,1,9,6,12,15,10,14,13,4,7,11
2.00,5,3,16,2,8,1,9,6,12,15,10,14,13,4,7,11
2.10,5,3,16,2,8,1,9,6,12,15,10,14,13,4,7,11
2.20,5,3,16,2,8,1,9,6,12,15,10,14,13,4,7,11
2.30,5,3,16,2,8,1,9,6,12,15,10,14,13,4,7,11
2.40,5,3,16,2,8,1,9,6,12,15,10,14,13,4,7,11
2.50,5,3,16,2,8,1,9,6,12,15,10,14,13,4,7,11
2.60,5,3,16,2,8,1,9,6,12,15,10,14,13,4,7,11
2.70,6,2,16,3,8,1,9,5,12,15,10,14,13,4,7,11
2.80,6,2,16,3,8,1,9,5,12,15,10,14,13,4,7,11
2.90,6,2,16,3,8,1,9,5,12,15,10,14,13,4,7,11
3.00,6,2,16,3,8,1,9,5,12,15,10,14,13,4,7,11
3.10,6,2,16,3,8,1,9,5,12,15,10,14,13,4,7,11
3.20,6,2,16,3,8,1,9,5,12,15,10,14,13,4,7,11
3.30,6,2,16,3,8,1,9,5,12,15,10,14,13,4,7,11
3.40,6,2,16,3,8,1,9,5,12,15,10,14,13,4,7,11
3.50,6,2,16,3,8,1,9,5,12,15,10,14,13,4,7,11
3.60,6,2,16,3,8,1,9,5,12,15,10,14,13,4,7,11
3.70,6,2,16,3,8,1,9,4,12,15,10,14,13,5,7,11
3.80,6,2,16,3,8,1,9,4,12,15,10,14,13,5,7,11
3.90,6,2,16,3,8,1,9,4,12,15,10,14,13,5,7,11
4.00,6,2,16,3,8,1,9,4,12,15,10,14,13,5,7,11
4.10,6,2,16,3,8,1,9,4,12,15,10,14,13,5,7,11
4.20,6,2,16,3,8,1,9,4,12,15,10,14,13,5,7,11
4.30,6,2,16,3,8,1,9,4,12,15,10,14,13,5,7,11
4.40,6,2,16,3,8,1,9,4,12,15,10,14,13,5,7,11
4.50,6,2,16,3,8,1,9,4,12,15,10,14,13,5,7,11
4.60,6,2,16,3,8,1,9,4,12,15,10,14,13,5,7,11
4.70,6,2,16,3,8,1,9,4,12,15,10,14,13,5,7,11
4.80,6,2,16,3,8,1,9,4,12,15,10,14,13,5,7,11
4.90,6,2,16,3,8,1,9,4,12,15,10,14,13,5,7,11
5.00,6,2,16,3,8,1,9,4,12,15,10,14,13,5,7,11
5.10,6,2,16,3,8,1,9,4,12,15,10,14,13,5,7,11
5.20,6,2,16,3,8,1,9,4,12,15,10,14,13,5,7,11
5.30,6,2,16,3,8,1,9,4,12,15,10,14,13,5,7,11
5.40,6,2,16,4,8,1,9,3,12,15,10,14,13,5,7,11
5.50,6,2,16,4,8,1,9,3,12,15,10,14,13,5,7,11
5.60,6,2,16,4,8,1,9,3,12,15,10,14,13,5,7,11
5.70,6,2,16,4,8,1,9,3,12,15,10,14,13,5,7,11
5.80,6,2,16,4,8,1,9,3,12,15,10,14,13,5,7,11
5.90,6,2,16,4,8,1,9,3,12,15,10,14,13,5,7,11
6.00,6,2,16,4,8,1,9,3,12,15,10,14,13,5,7,11
6.10,6,2,16,4,8,1,9,3,12,15,10,14,13,5,7,11
6.20,6,2,16,4,8,1,9,3,12,15,10,14,13,5,7,11
6.30,6,2,16,4,8,1,9,3,12,15,10,14,13,5,7,11
6.40,6,2,16,4,8,1,9,3,12,15,10,14,13,5,7,11
6.50,6,2,16,4,8,1,9,3,12,15,10,14,13,5,7,11
6.60,6,2,16,4,8,1,9,3,12,15,10,14,13,5,7,11
6.70,6,2,16,4,8,1,9,3,12,15,10,14,13,5,7,11
6.80,6,2,16,4,8,1,9,3,12,15,10,14,13,5,7,11
6.90,6,2,16,4,8,1,9,3,12,15,10,14,13,5,7,11
7.00,6,2,16,4,8,1,9,3,12,15,10,14,13,5,7,11
7.10,6,2,16,4,8,1,9,3,12,15,10,14,13,5,7,11
7.20,6,2,16,4,8,1,9,3,12,15,10,14,13,5,7,11
7.30,6,2,16,4,8,1,9,3,12,15,10,14,13,5,7,11
7.40,6,2,16,4,8,1,9,3,12,15,10,14,13,5,7,11
7.50,6,2,16,4,8,1,9,3,12,15,10,14,13,5,7,11
7.60,6,2,16,4,8,1,9,3,12,15,10,14,13,5,7,11
7.70,6,2,16,4,8,1,9,3,12,15,10,14,13,5,7,11
7.80,6,2,16,4,8,1,9,3,12,15,10,14,13,5,7,11
7.90,6,2,16,4,8,1,9,3,12,15,10,14,13,5,7,11
8.00,6,2,16,4,8,1,9,3,12,15,10,14,13,5,7,11
8.10,6,2,16,4,8,1,9,3,12,15,10,14,13,5,7,11
8.20,6,2,16,4,8,1,9,3,12,15,10,14,13,5,7,11
8.30,6,2,16,4,8,1,9,3,12,15,10,14,13,5,7,11
8.40,6,2,16,4,8,1,9,3,12,15,10,14,13,5,7,11
8.50,6,2,16,4,8,1,9,3,12,15,10,14,13,5,7,11
8.60,6,2,16,4,8,1,9,3,12,15,10,14,13,5,7,11
8.70,6,2,16,4,8,1,9,3,12,15,10,14,13,5,7,11
8.80,6,2,16,4,8,1,9,3,12,15,10,14,13,5,7,11
8.90,6,2,16,4,8,1,9,3,12,15,10,14,13,5,7,11
9.00,6,2,16,4,8,1,9,3,12,15,10,14,13,5,7,11
9.10,6,2,16,4,8,1,9,3,12,15,10,14,13,5,7,11
9.20,6,2,16,4,8,1,9,3,12,15,10,14,13,5,7,11
9.30,6,2,16,4,8,1,9,3,12,15,10,13,14,5,7,11
9.40,6,2,16,4,8,1,9,3,12,15,10,13,14,5,7,11
9.50,6,2,16,4,8,1,9,3,12,15,10,13,14,5,7,11
9.60,6,2,16,4,8,1,10,3,12,15,9,13,14,5,7,11
9.70,6,2,16,4,8,1,10,3,12,15,9,13,14,5,7,11
9.80,6,2,16,4,8,1,10,3,12,15,9,13,14,5,7,11
9.90,6,2,16,4,8,1,10,3,12,15,9,13,14,5,7,11
10.00,6,2,16,4,8,1,10,3,12,15,9,13,14,5,7,11
10.10,6,2,16,4,8,1,10,3,12,15,9,13,14,5,7,11
10.20,6,2,16,4,8,1,10,3,12,15,9,13,14,5,7,11
10.30,6,2,16,4,8,1,10,3,12,15,9,13,14,5,7,11
10.40,6,2,16,4,8,1,10,3,12,15,9,13,14,5,7,11
10.50,6,2,16,4,8,1,10,3,12,15,9,13,14,5,7,11
10.60,6,2,16,4,8,1,10,3,12,15,9,13,14,5,7,11
10.70,6,2,16,4,8,1,10,3,12,15,9,13,14,5,7,11
10.80,6,2,16,4,8,1,10,3,12,15,9,13,14,5,7,11
10.90,6,2,16,4,8,1,10,3,12,15,9,13,14,5,7,11
11.00,6,2,16,4,8,1,10,3,12,15,9,13,14,5,7,11
11.10,6,2,16,4,8,1,10,3,12,15,9,13,14,5,7,11
11.20,6,2,16,4,8,1,10,3,12,15,9,13,14,5,7,11
11.30,6,2,16,4,8,1,10,3,12,15,9,13,14,5,7,11
11.40,6,2,16,4,8,1,10,3,12,15,9,13,14,5,7,11
11.50,6,2,16,4,8,1,10,3,12,15,9,13,14,5,7,11
11.60,6,2,16,4,8,1,10,3,12,15,9,13,14,5,7,11
11.70,6,2,16,4,8,1,10,3,12,15,9,13,14,5,7,11
11.80,6,2,16,4,8,1,10,3,12,15,9,13,14,5,7,11
11.90,6,2,16,4,8,1,10,3,12,15,9,13,14,5,7,11
12.00,6,2,16,4,8,1,10,3,12,15,9,13,14,5,7,11
12.10,6,2,16,4,8,1,10,3,12,15,9,13,14,5,7,11
12.20,6,2,16,4,8,1,10,3,12,15,9,13,14,5,7,11
12.30,6,2,16,4,8,1,10,3,12,15,9,13,14,5,7,11
12.40,6,2,16,4,8,1,10,3,12,15,9,13,14,5,7,11
12.50,6,2,16,4,8,1,10,3,12,15,9,13,14,5,7,11
12.60,6,2,16,4,8,1,10,3,12,15,9,13,14,5,7,11
12.70,6,2,16,4,8,1,10,3,12,15,9,13,14,5,7,11
12.80,6,2,16,4,8,1,10,3,12,15,9,13,14,5,7,11
12.90,6,2,16,4,8,1,10,3,12,15,9,13,14,5,7,11
13.00,6,2,16,4,8,1,10,3,12,15,9,13,14,5,7,11
13.10,6,2,16,4,8,1,10,3,12,15,9,13,14,5,7,11
13.20,6,2,16,4,8,1,10,3,12,15,9,13,14,5,7,11
13.30,6,2,16,4,8,1,10,3,12,15,9,13,14,5,7,11
13.40,6,2,16,4,8,1,10,3,12,15,9,13,14,5,7,11
13.50,6,2,16,4,8,1,10,3,12,15,9,13,14,5,7,11
13.60,6,2,16,4,8,1,10,3,12,15,9,13,14,5,7,11
13.70,6,2,16,4,8,1,10,3,12,15,9,13,14,5,7,11
13.80,6,2,16,4,8,1,10,3,12,15,9,13,14,5,7,11
13.90,6,2,16,4,8,1,10,3,12,15,9,13,14,5,7,11
14.00,6,2,16,4,8,1,10,3,12,15,9,13,14,5,7,11
14.10,6,2,16,4,8,1,10,3,12,15,9,13,14,5,7,11
14.20,6,2,16,4,8,1,10,3,12,15,9,13,14,5,7,11
14.30,6,2,16,4,8,1,10,3,12,15,9,13,14,5,7,11
14.40,6,2,16,4,8,1,10,3,12,15,9,13,14,5,7,11
14.50,6,2,16,4,8,1,10,3,12,15,9,13,14,5,7,11
14.60,6,2,16,4,8,1,10,3,12,15,9,13,14,5,7,11
14.70,6,2,16,4,8,1,10,3,12,15,9,13,14,5,7,11
14.80,6,2,16,4,8,1,10,3,12,15,9,13,14,5,7,11
14.90,6,2,16,4,8,1,10,3,12,15,9,13,14,5,7,11
15.00,6,2,16,4,8,1,10,3,12,15,9,13,14,5,7,11
15.10,6,2,16,4,8,1,10,3,12,15,9,13,14,5,7,11
15.20,6,2,16,4,8,1,10,3,12,15,9,13,14,5,7,11
15.30,6,2,16,4,8,1,10,3,12,15,9,13,14,5,7,11
15.40,6,2,16,4,8,1,10,3,12,15,9,13,14,5,7,11
15.50,6,2,16,4,8,1,10,3,12,15,9,13,14,5,7,11
15.60,6,2,16,4,8,1,10,3,12,15,9,13,14,5,7,11
15.70,6,2,16,4,8,1,10,3,12,15,9,13,14,5,7,11
15.80,6,2,16,4,8,1,10,3,12,15,9,13,14,5,7,11
15.90,6,2,16,4,8,1,10,3,12,15,9,13,14,5,7,11
16.00,6,2,16,4,8,1,10,3,12,15,9,13,14,5,7,11
16.10,6,2,16,4,8,1,10,3,12,15,9,13,14,5,7,11
16.20,6,2,16,4,9,1,10,3,12,15,8,13,14,5,7,11
16.30,6,2,16,4,9,1,10,3,12,15,8,13,14,5,7,11
16.40,6,2,16,4,9,1,10,3,12,15,8,13,14,5,7,11
16.50,6,2,16,4,9,1,10,3,12,15,8,13,14,5,7,11
16.60,6,2,16,4,9,1,10,3,12,15,8,13,14,5,7,11
16.70,6,2,16,4,9,1,10,3,12,15,8,13,14,5,7,11
16.80,6,2,16,4,9,1,10,3,12,15,8,13,14,5,7,11
16.90,6,2,16,4,9,1,10,3,12,15,8,13,14,5,7,11
17.00,6,2,16,4,9,1,10,3,12,15,8,13,14,5,7,11
17.10,6,2,16,4,9,1,10,3,12,15,8,13,14,5,7,11
17.20,6,2,16,4,9,1,10,3,12,15,8,13,14,5,7,11
17.30,6,2,16,4,9,1,10,3,12,15,8,13,14,5,7,11
17.40,6,2,16,4,9,1,10,3,12,15,8,13,14,5,7,11
17.50,6,2,16,4,9,1,10,3,12,15,8,13,14,5,7,11
17.60,6,2,16,4,9,1,10,3,12,15,8,13,14,5,7,11
17.70,6,2,16,4,9,1,10,3,12,15,8,13,14,5,7,11
17.80,6,2,16,4,9,1,10,3,12,15,8,13,14,5,7,11
17.90,6,2,16,4,9,1,10,3,12,15,8,13,14,5,7,11
18.00,6,2,16,4,9,1,10,3,12,15,8,13,14,5,7,11
18.10,6,2,16,4,9,1,10,3,12,15,8,13,14,5,7,11
18.20,6,2,16,4,9,1,10,3,12,15,8,13,14,5,7,11
18.30,6,2,16,4,9,1,10,3,12,15,8,13,14,5,7,11
18.40,6,2,16,4,9,1,10,3,12,15,8,13,14,5,7,11
18.50,6,2,16,4,9,1,10,3,12,15,8,13,14,5,7,11
18.60,6,2,16,4,9,1,10,3,12,15,8,13,14,5,7,11
18.70,6,2,16,4,9,1,10,3,12,15,8,13,14,5,7,11
18.80,6,2,16,4,9,1,10,3,12,15,8,13,14,5,7,11
18.90,6,2,16,4,9,1,10,3,12,15,8,13,14,5,7,11
19.00,6,2,16,4,9,1,10,3,12,15,8,13,14,5,7,11
19.10,6,2,16,4,9,1,10,3,12,15,8,13,14,5,7,11
19.20,6,2,16,4,9,1,10,3,12,15,8,13,14,5,7,11
19.30,6,2,16,4,9,1,10,3,12,15,8,13,14,5,7,11
19.40,6,2,16,4,9,1,10,3,12,15,8,13,14,5,7,11
19.50,5,2,16,4,9,1,10,3,12,15,8,13,14,6,7,11
19.60,5,2,16,4,9,1,10,3,12,15,8,13,14,6,7,11
19.70,5,2,16,4,9,1,10,3,12,15,8,13,14,6,7,11
19.80,5,2,16,4,9,1,10,3,12,15,8,13,14,6,7,11
19.90,5,2,16,4,9,1,10,3,12,15,8,13,14,6,7,11
20.00,5,2,16,4,9,1,10,3,12,15,8,13,14,6,7,11
20.10,5,2,16,4,9,1,10,3,12,15,8,13,14,6,7,11
20.20,5,2,16,4,9,1,10,3,12,15,8,13,14,6,7,11
20.30,5,2,16,4,9,1,10,3,12,15,8,13,14,6,7,11
20.40,5,2,16,4,9,1,10,3,12,15,8,13,14,6,7,11
20.50,5,2,16,4,9,1,10,3,12,15,8,13,14,6,7,11
20.60,5,2,16,4,9,1,10,3,12,15,8,13,14,6,7,11
20.70,5,2,16,4,9,1,10,3,12,15,8,13,14,6,7,11
20.80,5,2,16,4,9,1,10,3,12,15,8,13,14,6,7,11
20.90,5,2,16,4,9,1,10,3,12,15,8,13,14,6,7,11
21.00,5,2,16,4,9,1,10,3,12,15,8,13,14,6,7,11
21.10,5,2,16,4,9,1,10,3,12,15,8,13,14,6,7,11
21.20,5,2,16,4,9,1,10,3,12,15,8,13,14,6,7,11
21.30,5,2,16,4,9,1,10,3,12,15,8,13,14,6,7,11
21.40,5,2,16,4,9,1,10,3,12,15,8,13,14,6,7,11
21.50,5,2,16,4,9,1,10,3,12,15,8,13,14,6,7,11
21.60,5,2,16,4,9,1,10,3,12,15,8,13,14,6,7,11
21.70,5,2,16,4,9,1,10,3,12,15,8,13,14,6,7,11
21.80,5,2,16,4,9,1,10,3,12,15,8,13,14,6,7,11
21.90,5,2,16,4,9,1,10,3,12,15,8,13,14,6,7,11
22.00,5,2,16,4,9,1,10,3,12,15,8,13,14,6,7,11
22.10,5,2,16,4,9,1,10,3,12,15,8,13,14,6,7,11
22.20,5,2,16,4,9,1,10,3,12,15,8,13,14,6,7,11
22.30,5,2,16,4,9,1,10,3,12,15,8,13,14,6,7,11
22.40,5,2,16,4,9,1,10,3,12,15,8,13,14,6,7,11
22.50,5,2,16,4,9,1,10,3,12,15,8,13,14,6,7,11
22.60,5,2,16,4,9,1,10,3,12,15,8,13,14,6,7,11
22.70,5,2,16,4,9,1,10,3,12,15,8,13,14,6,7,11
22.80,5,2,16,4,9,1,10,3,12,15,8,13,14,6,7,11
22.90,5,2,16,4,9,1,10,3,12,15,8,13,14,6,7,11
23.00,5,2,16,4,9,1,10,3,12,15,8,13,14,6,7,11
23.10,5,2,16,4,9,1,10,3,12,15,8,13,14,6,7,11
23.20,5,2,16,4,9,1,10,3,12,15,8,13,14,6,7,11
23.30,5,2,16,4,9,1,10,3,12,15,8,13,14,6,7,11
23.40,5,2,16,4,9,1,10,3,12,15,8,13,14,6,7,11
23.50,5,2,16,4,9,1,10,3,12,15,8,13,14,6,7,11
23.60,5,2,16,4,9,1,10,3,12,15,8,13,14,6,7,11
23.70,5,2,16,4,9,1,10,3,12,15,8,13,14,6,7,11
23.80,5,2,16,4,9,1,10,3,12,15,8,13,14,6,7,11
23.90,5,2,16,4,9,1,10,3,12,15,8,13,14,6,7,11
24.00,5,2,16,4,9,1,10,3,12,15,8,13,14,6,7,11
24.10,5,2,16,4,9,1,10,3,12,15,8,13,14,6,7,11
24.20,5,2,16,4,9,1,10,3,12,15,8,13,14,6,7,11
24.30,5,2,16,4,9,1,10,3,12,15,8,13,14,6,7,11
24.40,5,2,16,4,9,1,10,3,12,15,8,13,14,6,7,11
24.50,5,2,16,4,9,1,10,3,12,15,8,13,14,6,7,11
24.60,5,2,16,4,9,1,10,3,12,15,8,13,14,6,7,11
24.70,5,2,16,4,9,1,10,3,12,15,8,13,14,6,7,11
24.80,5,2,16,4,9,1,10,3,12,15,8,13,14,6,7,11
24.90,5,2,16,4,9,1,10,3,12,15,8,13,14,6,7,11
25.00,5,2,16,4,9,1,10,3,12,15,8,13,14,6,7,11
25.10,5,2,16,4,9,1,10,3,13,15,8,12,14,6,7,11
25.20,5,2,16,4,9,1,10,3,13,15,8,12,14,6,7,11
25.30,5,2,16,4,9,1,10,3,13,15,8,12,14,6,7,11
25.40,5,2,16,4,9,1,10,3,13,15,8,12,14,6,7,11
25.50,5,2,16,4,9,1,10,3,13,15,8,12,14,6,7,11
25.60,5,2,16,4,9,1,10,3,13,15,8,12,14,6,7,11
25.70,5,2,16,4,9,1,10,3,13,15,8,12,14,6,7,11
25.80,5,2,16,4,9,1,10,3,13,15,8,12,14,6,7,11
25.90,5,2,16,4,9,1,10,3,13,15,8,12,14,6,7,11
26.00,5,2,16,4,9,1,10,3,13,15,8,12,14,6,7,11
26.10,5,2,16,4,9,1,10,3,13,15,8,12,14,6,7,11
26.20,5,2,16,4,9,1,10,3,13,15,8,12,14,6,7,11
26.30,5,2,16,4,9,1,10,3,13,15,8,12,14,6,7,11
26.40,5,2,16,4,9,1,10,3,13,15,8,12,14,6,7,11
26.50,5,2,16,4,9,1,10,3,13,15,8,12,14,6,7,11
26.60,5,2,16,4,9,1,10,3,13,15,8,12,14,6,7,11
26.70,5,2,16,4,9,1,10,3,13,15,8,12,14,6,7,11
26.80,5,2,16,4,9,1,10,3,13,15,8,12,14,6,7,11
26.90,5,2,16,4,9,1,10,3,13,15,8,12,14,6,7,11
27.00,5,2,16,4,9,1,10,3,13,15,8,12,14,6,7,11
27.10,5,2,16,4,9,1,10,3,13,15,8,12,14,6,7,11
27.20,5,2,16,4,9,1,10,3,13,15,7,12,14,6,8,11
27.30,5,2,16,4,9,1,10,3,13,15,7,12,14,6,8,11
27.40,5,2,16,4,9,1,10,3,13,15,7,12,14,6,8,11
27.50,5,2,16,4,9,1,10,3,13,15,7,12,14,6,8,11
27.60,5,2,16,4,9,1,10,3,13,15,7,12,14,6,8,11
27.70,5,2,16,4,9,1,10,3,13,15,7,12,14,6,8,11
27.80,5,2,16,4,9,1,10,3,13,15,7,12,14,6,8,11
27.90,5,2,16,4,9,1,10,3,13,15,7,12,14,6,8,11
28.00,5,2,16,4,9,1,10,3,13,15,7,12,14,6,8,11
28.10,5,2,16,4,9,1,10,3,13,15,7,12,14,6,8,11
28.20,5,2,16,4,9,1,10,3,13,15,7,12,14,6,8,11
28.30,5,2,16,4,9,1,10,3,13,15,7,12,14,6,8,11
28.40,5,2,16,4,9,1,10,3,13,15,7,12,14,6,8,11
28.50,5,2,16,4,9,1,10,3,13,15,7,12,14,6,8,11
28.60,5,2,16,4,9,1,10,3,13,15,7,12,14,6,8,11
28.70,5,2,16,4,9,1,10,3,13,15,7,12,14,6,8,11
28.80,5,2,16,4,9,1,10,3,13,15,7,12,14,6,8,11
28.90,5,2,16,4,9,1,10,3,13,15,7,12,14,6,8,11
29.00,5,2,16,4,9,1,10,3,13,15,7,12,14,6,8,11
29.10,5,2,16,4,9,1,10,3,13,15,7,12,14,6,8,11
29.20,5,2,16,4,9,1,10,3,13,15,7,12,14,6,8,11
29.30,5,2,16,4,9,1,10,3,13,15,7,12,14,6,8,11
29.40,5,2,16,4,9,1,10,3,13,15,7,12,14,6,8,11
29.50,5,2,16,4,9,1,10,3,13,15,7,12,14,6,8,11
29.60,5,2,16,4,9,1,10,3,13,15,7,12,14,6,8,11
29.70,5,2,16,4,9,1,10,3,13,15,7,12,14,6,8,11
29.80,5,2,16,4,9,1,10,3,13,15,7,12,14,6,8,11
29.90,5,2,16,4,9,1,10,3,13,15,7,12,14,6,8,11
30.00,5,2,16,4,9,1,10,3,13,15,7,12,14,6,8,11
30.10,5,2,16,4,9,1,10,3,13,15,7,12,14,6,8,11
30.20,5,2,16,4,9,1,10,3,13,15,7,12,14,6,8,11
30.30,5,2,16,4,9,1,10,3,13,15,7,12,14,6,8,11
30.40,5,2,16,4,9,1,10,3,13,15,7,12,14,6,8,11
30.50,5,2,16,4,9,1,10,3,13,15,7,12,14,6,8,11
30.60,5,2,16,4,9,1,10,3,13,15,7,12,14,6,8,11
30.70,5,2,16,4,9,1,10,3,13,15,7,12,14,6,8,11
30.80,5,2,16,4,9,1,10,3,13,15,7,12,14,6,8,11
30.90,5,2,16,4,9,1,10,3,13,15,7,12,14,6,8,11
31.00,5,2,16,4,9,1,10,3,13,15,7,12,14,6,8,11
31.10,5,2,16,4,9,1,10,3,13,15,7,12,14,6,8,11
31.20,5,2,16,4,9,1,10,3,13,15,7,12,14,6,8,11
31.30,5,2,16,4,9,1,10,3,13,15,7,12,14,6,8,11
31.40,5,2,16,4,9,1,10,3,13,15,7,12,14,6,8,11
31.50,5,2,16,4,9,1,10,3,13,15,7,12,14,6,8,11
31.60,5,2,16,4,9,1,10,3,13,15,7,12,14,6,8,11
31.70,5,2,16,4,9,1,10,3,13,15,7,12,14,6,8,11
31.80,5,2,16,4,9,1,10,3,13,15,7,12,14,6,8,11
31.90,5,2,16,4,9,1,10,3,13,15,7,12,14,6,8,11
32.00,5,2,16,4,9,1,10,3,13,15,7,12,14,6,8,11
32.10,5,2,16,4,9,1,10,3,13,15,7,12,14,6,8,11
32.20,5,2,16,4,9,1,10,3,13,15,7,12,14,6,8,11
32.30,5,2,16,4,9,1,10,3,13,15,7,12,14,6,8,11
32.40,5,2,16,4,9,1,10,3,13,15,7,11,14,6,8,12
32.50,5,2,16,4,9,1,10,3,13,15,7,11,14,6,8,12
32.60,5,2,16,4,9,1,10,3,13,15,7,11,14,6,8,12
32.70,5,2,16,4,9,1,10,3,13,15,7,11,14,6,8,12
32.80,5,2,16,4,9,1,10,3,13,15,7,11,14,6,8,12
32.90,5,2,16,4,9,1,10,3,13,15,7,11,14,6,8,12
33.00,5,2,16,4,9,1,10,3,13,15,7,11,14,6,8,12
33.10,5,2,16,4,9,1,10,3,13,15,7,11,14,6,8,12
33.20,5,2,16,4,9,1,10,3,13,15,7,11,14,6,8,12
33.30,5,2,16,4,9,1,10,3,13,15,7,11,14,6,8,12
33.40,5,2,16,4,9,1,10,3,13,15,7,11,14,6,8,12
33.50,5,2,16,4,9,1,10,3,13,15,7,11,14,6,8,12
33.60,5,2,16,4,9,1,10,3,13,15,7,11,14,6,8,12
33.70,5,2,16,4,9,1,10,3,13,15,7,11,14,6,8,12
33.80,5,2,16,4,9,1,10,3,13,15,7,11,14,6,8,12
33.90,5,2,16,4,9,1,10,3,13,15,7,11,14,6,8,12
34.00,5,2,16,4,9,1,10,3,13,15,7,11,14,6,8,12
34.10,5,2,16,4,9,1,10,3,13,15,7,11,14,6,8,12
34.20,5,2,16,4,9,1,10,3,13,15,7,11,14,6,8,12
34.30,5,2,16,4,9,1,10,3,13,15,7,11,14,6,8,12
34.40,5,2,16,4,9,1,10,3,13,15,7,11,14,6,8,12
34.50,5,2,16,4,9,1,10,3,13,15,7,11,14,6,8,12
34.60,5,2,16,4,9,1,10,3,13,15,7,11,14,6,8,12
34.70,5,2,16,4,9,1,10,3,13,15,7,11,14,6,8,12
34.80,5,2,16,4,9,1,10,3,13,15,7,11,14,6,8,12
34.90,5,2,16,4,9,1,10,3,13,15,7,11,14,6,8,12
35.00,5,2,16,4,9,1,10,3,13,15,7,11,14,6,8,12
35.10,5,2,16,4,9,1,10,3,13,15,7,11,14,6,8,12
35.20,5,2,16,4,9,1,10,3,13,15,7,11,14,6,8,12
35.30,5,2,16,4,9,1,10,3,13,15,7,11,14,6,8,12
35.40,5,2,16,4,9,1,10,3,13,15,7,11,14,6,8,12
35.50,5,2,16,4,9,1,10,3,13,15,7,11,14,6,8,12
35.60,5,2,16,4,9,1,10,3,13,15,7,11,14,6,8,12
35.70,5,2,16,4,9,1,10,3,13,15,7,11,14,6,8,12
35.80,5,2,16,4,9,1,10,3,13,15,7,11,14,6,8,12
35.90,5,2,16,4,9,1,10,3,13,15,7,11,14,6,8,12
36.00,5,2,16,4,9,1,10,3,13,15,7,11,14,6,8,12
36.10,5,2,16,4,9,1,10,3,13,15,7,11,14,6,8,12
36.20,5,2,16,4,9,1,10,3,13,15,7,11,14,6,8,12
36.30,5,2,16,4,9,1,10,3,13,15,7,11,14,6,8,12
36.40,5,2,16,4,9,1,10,3,13,15,7,11,14,6,8,12
36.50,5,2,16,4,9,1,10,3,13,15,7,11,14,6,8,12
36.60,5,2,16,4,9,1,10,3,13,15,7,11,14,6,8,12
36.70,5,2,16,4,9,1,10,3,13,15,7,11,14,6,8,12
36.80,5,2,16,4,9,1,10,3,13,15,7,11,14,6,8,12
36.90,5,2,16,4,9,1,10,3,13,15,7,11,14,6,8,12
37.00,5,2,16,4,9,1,10,3,13,15,7,11,14,6,8,12
37.10,5,2,16,4,9,1,10,3,13,15,7,11,14,6,8,12
37.20,5,2,16,4,9,1,10,3,13,15,7,11,14,6,8,12
37.30,5,2,16,4,9,1,10,3,13,15,7,11,14,6,8,12
37.40,5,2,16,4,9,1,10,3,13,15,7,11,14,6,8,12
37.50,5,2,16,4,9,1,10,3,13,15,7,11,14,6,8,12
37.60,5,2,16,4,9,1,10,3,13,15,7,11,14,6,8,12
37.70,5,2,16,4,9,1,10,3,13,15,7,11,14,6,8,12
37.80,5,2,16,4,9,1,10,3,13,15,7,11,14,6,8,12
37.90,5,2,16,4,9,1,10,3,13,15,7,11,14,6,8,12
38.00,5,2,16,4,9,1,10,3,13,15,7,11,14,6,8,12
38.10,5,2,16,4,9,1,10,3,13,15,7,11,14,6,8,12
38.20,5,2,16,4,9,1,10,3,13,15,7,11,14,6,8,12
38.30,5,2,16,4,9,1,10,3,13,15,7,11,14,6,8,12
38.40,5,2,16,4,9,1,10,3,13,15,7,11,14,6,8,12
38.50,5,2,16,4,9,1,10,3,13,15,7,11,14,6,8,12
38.60,5,2,16,4,9,1,10,3,13,15,7,11,14,6,8,12
38.70,5,2,16,4,9,1,10,3,13,15,7,11,14,6,8,12
38.80,5,2,16,4,9,1,10,3,13,15,7,11,14,6,8,12
38.90,5,2,16,4,9,1,10,3,13,15,7,11,14,6,8,12
39.00,5,2,16,4,9,1,10,3,13,15,7,11,14,6,8,12
39.10,5,2,16,4,9,1,10,3,13,15,7,11,14,6,8,12
39.20,5,2,16,4,9,1,10,3,13,15,7,11,14,6,8,12
39.30,5,2,16,4,9,1,10,3,13,15,7,11,14,6,8,12
39.40,5,2,16,4,9,1,10,3,13,15,7,11,14,6,8,12
39.50,5,2,16,4,9,1,10,3,13,15,7,11,14,6,8,12
39.60,5,2,16,4,9,1,10,3,13,15,7,11,14,6,8,12
39.70,5,2,16,4,9,1,10,3,13,15,7,11,14,6,8,12
39.80,5,2,16,4,9,1,10,3,13,15,7,11,14,6,8,12
39.90,5,2,16,4,9,1,10,3,13,15,7,11,14,6,8,12
40.00,5,2,16,4,9,1,10,3,13,15,7,11,14,6,8,12
40.10,5,2,16,4,9,1,10,3,13,15,7,11,14,6,8,12
40.20,5,2,16,4,9,1,10,3,13,15,7,11,14,6,8,12
40.30,5,2,16,4,9,1,10,3,13,15,7,11,14,6,8,12
40.40,5,2,16,4,9,1,10,3,13,15,7,11,14,6,8,12
40.50,5,2,16,4,9,1,10,3,13,15,7,11,14,6,8,12
40.60,5,2,16,4,9,1,10,3,13,15,7,11,14,6,8,12
40.70,5,2,16,4,9,1,10,3,13,15,7,11,14,6,8,12
40.80,5,2,16,4,9,1,10,3,13,15,7,11,14,6,8,12
40.90,5,2,16,4,9,1,10,3,13,15,7,11,14,6,8,12
41.00,5,2,16,4,9,1,10,3,13,15,7,11,14,6,8,12
41.10,5,2,16,4,9,1,10,3,13,15,7,11,14,6,8,12
41.20,5,2,16,4,9,1,10,3,13,15,7,11,14,6,8,12
41.30,5,2,16,4,9,1,10,3,13,15,7,11,14,6,8,12
41.40,5,2,16,4,9,1,10,3,13,15,7,11,14,6,8,12
41.50,5,2,16,4,9,1,10,3,13,15,7,11,14,6,8,12
41.60,5,2,16,4,9,1,10,3,13,15,7,11,14,6,8,12
41.70,5,2,16,4,9,1,10,3,13,15,7,11,14,6,8,12
41.80,5,2,16,4,9,1,10,3,13,15,7,11,14,6,8,12
41.90,5,2,16,4,9,1,10,3,13,15,7,11,14,6,8,12
42.00,5,2,16,4,9,1,10,3,13,15,7,11,14,6,8,12
42.10,5,2,16,4,9,1,10,3,13,15,7,11,14,6,8,12
42.20,5,2,16,4,9,1,10,3,13,15,7,11,14,6,8,12
42.30,5,2,16,4,9,1,10,3,13,15,7,11,14,6,8,12
42.40,5,2,16,4,9,1,10,3,13,15,7,11,14,6,8,12
42.50,5,2,16,4,9,1,10,3,13,15,7,11,14,6,8,12
42.60,5,2,16,4,9,1,10,3,13,15,7,11,14,6,8,12
42.70,5,2,16,4,9,1,10,3,13,15,7,11,14,6,8,12
42.80,5,2,16,4,9,1,10,3,13,15,7,11,14,6,8,12
42.90,5,2,16,4,9,1,10,3,13,15,7,11,14,6,8,12
43.00,5,2,16,4,9,1,10,3,13,15,7,11,14,6,8,12
43.10,5,2,16,4,9,1,10,3,13,15,7,11,14,6,8,12
43.20,5,2,16,4,9,1,10,3,13,15,7,11,14,6,8,12
43.30,5,2,16,4,9,1,10,3,13,15,7,11,14,6,8,12
43.40,5,2,16,4,9,1,10,3,13,15,7,11,14,6,8,12
43.50,5,2,16,4,9,1,10,3,13,15,7,11,14,6,8,12
43.60,5,2,16,4,9,1,10,3,13,15,7,11,14,6,8,12
43.70,5,2,16,4,9,1,10,3,13,15,7,11,14,6,8,12
43.80,5,2,16,4,9,1,10,3,13,15,7,11,14,6,8,12
43.90,5,2,16,4,9,1,10,3,13,15,7,11,14,6,8,12
44.00,5,2,16,4,9,1,10,3,13,15,7,11,14,6,8,12
44.10,5,2,16,4,9,1,10,3,13,15,7,11,14,6,8,12
44.20,5,2,16,4,9,1,10,3,13,15,7,11,14,6,8,12
44.30,5,2,16,4,9,1,10,3,13,15,7,11,14,6,8,12
44.40,5,2,16,4,9,1,10,3,13,15,7,11,14,6,8,12
44.50,5,2,16,4,9,1,10,3,13,15,7,11,14,6,8,12
44.60,5,2,16,4,9,1,10,3,13,15,7,11,14,6,8,12
44.70,5,2,16,4,9,1,10,3,13,15,7,11,14,6,8,12
44.80,5,2,16,4,9,1,10,3,13,15,7,11,14,6,8,12
44.90,5,2,16,4,9,1,10,3,13,15,7,11,14,6,8,12
45.00,5,2,16,4,9,1,10,3,13,15,7,11,14,6,8,12
45.10,5,2,16,4,9,1,10,3,13,15,7,11,14,6,8,12
45.20,5,2,16,4,9,1,10,3,13,15,7,11,14,6,8,12
45.30,5,2,16,4,9,1,10,3,13,15,7,11,14,6,8,12
45.40,5,2,16,4,9,1,10,3,13,15,7,11,14,6,8,12
45.50,5,2,16,4,9,1,10,3,13,15,7,11,14,6,8,12
45.60,5,2,16,4,9,1,10,3,13,15,7,11,14,6,8,12
45.70,5,2,16,4,9,1,10,3,13,15,7,11,14,6,8,12
45.80,5,2,16,4,9,1,10,3,13,15,7,11,14,6,8,12
45.90,5,2,16,4,9,1,10,3,13,15,7,11,14,6,8,12
46.00,5,2,16,4,9,1,10,3,13,15,7,11,14,6,8,12
46.10,5,2,16,4,9,1,10,3,13,15,7,11,14,6,8,12
46.20,5,2,16,4,9,1,10,3,13,15,7,11,14,6,8,12
46.30,5,2,16,4,9,1,10,3,13,15,7,11,14,6,8,12
46.40,5,2,16,4,9,1,10,3,13,15,7,11,14,6,8,12
46.50,5,2,16,4,9,1,10,3,13,15,7,11,14,6,8,12
46.60,5,2,16,4,9,1,10,3,13,15,7,11,14,6,8,12
46.70,5,2,16,4,9,1,10,3,13,15,7,11,14,6,8,12
46.80,5,2,16,4,9,1,10,3,13,15,7,11,14,6,8,12
46.90,5,2,16,4,9,1,10,3,13,15,7,11,14,6,8,12
47.00,5,2,16,4,9,1,10,3,13,15,7,11,14,6,8,12
47.10,5,2,16,4,9,1,10,3,13,15,7,11,14,6,8,12
47.20,5,2,16,4,9,1,10,3,13,15,7,11,14,6,8,12
47.30,5,2,16,4,9,1,10,3,13,15,7,11,14,6,8,12
47.40,5,2,16,4,9,1,10,3,13,15,7,11,14,6,8,12
47.50,5,2,16,4,9,1,10,3,13,15,7,11,14,6,8,12
47.60,5,2,16,4,9,1,10,3,13,15,7,11,14,6,8,12
47.70,5,2,16,4,9,1,10,3,13,15,7,11,14,6,8,12
47.80,5,2,16,4,9,1,10,3,13,15,7,11,14,6,8,12
47.90,5,2,16,4,9,1,10,3,13,15,7,11,14,6,8,12
48.00,5,2,16,4,9,1,10,3,13,15,7,11,14,6,8,12
48.10,5,2,16,4,9,1,10,3,13,15,7,11,14,6,8,12
48.20,5,2,16,4,9,1,10,3,13,15,7,11,14,6,8,12
48.30,5,2,16,4,9,1,10,3,13,15,7,11,14,6,8,12
48.40,5,2,16,4,9,1,10,3,13,15,7,11,14,6,8,12
48.50,5,2,16,4,9,1,10,3,13,15,7,11,14,6,8,12
48.60,5,2,16,4,9,1,10,3,13,15,7,11,14,6,8,12
48.70,5,2,16,4,9,1,10,3,13,15,7,11,14,6,8,12
48.80,5,2,16,4,9,1,10,3,13,15,7,11,14,6,8,12
48.90,5,2,16,4,9,1,10,3,13,15,7,11,14,6,8,12
49.00,5,2,16,4,9,1,10,3,13,15,7,11,14,6,8,12
49.10,5,2,16,4,9,1,10,3,13,15,7,11,14,6,8,12
49.20,5,2,16,4,9,1,10,3,13,15,7,11,14,6,8,12
49.30,5,2,16,4,9,1,10,3,13,15,7,11,14,6,8,12
49.40,5,2,16,4,9,1,10,3,13,15,7,11,14,6,8,12
49.50,5,2,16,4,9,1,10,3,13,15,7,11,14,6,8,12
49.60,5,2,16,4,9,1,10,3,13,15,7,11,14,6,8,12
49.70,5,2,16,4,9,1,10,3,13,15,7,11,14,6,8,12
49.80,5,2,16,4,9,1,10,3,13,15,7,11,14,6,8,12
49.90,5,2,16,4,9,1,10,3,13,15,7,11,14,6,8,12
50.00,5,2,16,4,9,1,10,3,13,15,7,11,14,6,8,12
50.10,5,2,16,4,9,1,10,3,13,15,7,11,14,6,8,12
50.20,5,2,16,4,9,1,10,3,13,15,7,11,14,6,8,12
50.30,5,2,16,4,9,1,10,3,13,15,7,11,14,6,8,12
50.40,5,2,16,4,9,1,10,3,13,15,7,11,14,6,8,12
50.50,5,2,16,4,9,1,10,3,13,15,7,11,14,6,8,12
50.60,5,2,16,4,9,1,10,3,13,15,7,11,14,6,8,12
50.70,5,2,16,4,9,1,10,3,13,15,7,11,14,6,8,12
50.80,5,2,16,4,9,1,10,3,13,15,7,11,14,6,8,12
50.90,5,2,16,4,9,1,10,3,13,15,7,11,14,6,8,12
51.00,5,2,16,4,9,1,10,3,13,15,7,11,14,6,8,12
51.10,5,2,16,4,9,1,10,3,13,15,7,11,14,6,8,12
51.20,5,2,16,4,9,1,10,3,13,15,7,11,14,6,8,12
51.30,5,2,16,4,9,1,10,3,13,15,7,11,14,6,8,12
51.40,5,2,16,4,9,1,10,3,13,15,7,11,14,6,8,12
51.50,5,2,16,4,9,1,10,3,13,15,7,11,14,6,8,12
51.60,5,2,16,4,9,1,10,3,13,15,7,11,14,6,8,12
51.70,5,2,16,4,9,1,10,3,13,15,7,11,14,6,8,12
51.80,5,2,16,4,9,1,10,3,13,15,7,11,14,6,8,12
51.90,5,2,16,4,9,1,10,3,13,15,7,11,14,6,8,12
52.00,5,2,16,4,9,1,10,3,13,15,7,11,14,6,8,12
52.10,5,2,16,4,9,1,10,3,13,15,7,11,14,6,8,12
52.20,5,2,16,4,9,1,10,3,13,15,7,11,14,6,8,12
52.30,5,2,16,4,9,1,10,3,13,15,7,11,14,6,8,12
52.40,5,2,16,4,9,1,10,3,13,15,7,11,14,6,8,12
52.50,5,2,16,4,9,1,10,3,13,15,7,11,14,6,8,12
52.60,5,2,16,4,9,1,10,3,13,15,7,11,14,6,8,12
52.70,5,2,16,4,9,1,10,3,13,15,7,11,14,6,8,12
52.80,5,2,16,4,9,1,10,3,13,15,7,11,14,6,8,12
52.90,5,2,16,4,9,1,10,3,13,15,7,11,14,6,8,12
53.00,5,2,16,4,9,1,10,3,13,15,7,11,14,6,8,12
53.10,5,2,16,4,9,1,10,3,13,15,7,11,14,6,8,12
53.20,5,2,16,4,9,1,10,3,13,15,7,11,14,6,8,12
53.30,5,2,16,4,9,1,10,3,13,15,7,11,14,6,8,12
53.40,5,2,16,4,9,1,10,3,13,15,7,11,14,6,8,12
53.50,5,2,16,4,9,1,10,3,13,15,7,11,14,6,8,12
53.60,5,2,16,4,9,1,10,3,13,15,7,11,14,6,8,12
53.70,5,2,16,4,9,1,10,3,13,15,7,11,14,6,8,12
53.80,5,2,16,4,9,1,10,3,13,15,7,11,14,6,8,12
53.90,5,2,16,4,9,1,10,3,13,15,7,11,14,6,8,12
54.00,5,2,16,4,9,1,10,3,13,15,7,11,14,6,8,12
54.10,5,2,16,4,9,1,10,3,13,15,7,11,14,6,8,12
54.20,5,2,16,4,9,1,10,3,13,15,7,11,14,6,8,12
54.30,5,2,16,4,9,1,10,3,13,15,7,11,14,6,8,12
54.40,5,2,16,4,9,1,10,3,13,15,7,11,14,6,8,12
54.50,5,2,16,4,9,1,10,3,13,15,7,11,14,6,8,12
54.60,5,2,16,4,9,1,10,3,13,15,7,11,14,6,8,12
54.70,5,2,16,4,9,1,10,3,13,15,7,11,14,6,8,12
54.80,5,2,16,4,9,1,10,3,13,15,7,11,14,6,8,12
54.90,5,2,16,4,9,1,10,3,13,15,7,11,14,6,8,12
55.00,5,2,16,4,9,1,10,3,13,15,7,11,14,6,8,12
55.10,5,2,16,4,9,1,10,3,13,15,7,11,14,6,8,12
55.20,5,2,16,4,9,1,10,3,13,15,7,11,14,6,8,12
55.30,5,2,16,4,9,1,10,3,13,15,7,11,14,6,8,12
55.40,5,2,16,4,9,1,10,3,13,15,7,11,14,6,8,12
55.50,5,2,16,4,9,1,10,3,13,15,7,11,14,6,8,12
55.60,5,2,16,4,9,1,10,3,13,15,7,11,14,6,8,12
55.70,5,2,16,4,9,1,10,3,13,15,7,11,14,6,8,12
55.80,5,2,16,4,9,1,10,3,13,15,7,11,14,6,8,12
55.90,5,2,16,4,9,1,10,3,13,15,7,11,14,6,8,12
56.00,5,2,16,4,9,1,10,3,13,15,7,11,14,6,8,12
56.10,5,2,16,4,9,1,10,3,13,15,7,11,14,6,8,12
56.20,5,2,16,4,9,1,10,3,13,15,7,11,14,6,8,12
56.30,5,2,16,4,9,1,10,3,13,15,7,11,14,6,8,12
56.40,5,2,16,4,9,1,10,3,13,15,7,11,14,6,8,12
56.50,5,2,16,4,9,1,10,3,13,15,7,11,14,6,8,12
56.60,5,2,16,4,9,1,10,3,13,15,7,11,14,6,8,12
56.70,5,2,16,4,9,1,10,3,13,15,7,11,14,6,8,12
56.80,5,2,16,4,9,1,10,3,13,15,7,11,14,6,8,12
56.90,5,2,16,4,9,1,10,3,13,15,7,11,14,6,8,12
57.00,5,2,16,4,9,1,10,3,13,15,7,11,14,6,8,12
57.10,5,2,16,4,9,1,10,3,13,15,7,11,14,6,8,12
57.20,5,2,16,4,9,1,10,3,13,15,7,11,14,6,8,12
57.30,5,2,16,4,9,1,10,3,13,15,7,11,14,6,8,12
57.40,5,2,16,4,9,1,10,3,13,15,7,11,14,6,8,12
57.50,5,2,16,4,9,1,10,3,13,15,7,11,14,6,8,12
57.60,5,2,16,4,9,1,10,3,13,15,7,11,14,6,8,12
57.70,5,2,16,4,9,1,10,3,13,15,7,11,14,6,8,12
57.80,5,2,16,4,9,1,10,3,13,15,7,11,14,6,8,12
57.90,5,2,16,4,9,1,10,3,13,15,7,11,14,6,8,12
58.00,5,2,16,4,9,1,10,3,13,15,7,11,14,6,8,12
58.10,5,2,16,4,9,1,10,3,13,15,7,11,14,6,8,12
58.20,5,2,16,4,9,1,10,3,13,15,7,11,14,6,8,12
58.30,5,2,16,4,9,1,10,3,13,15,7,11,14,6,8,12
58.40,5,2,16,4,9,1,10,3,13,15,7,11,14,6,8,12
58.50,5,2,16,4,9,1,10,3,13,15,7,11,14,6,8,12
58.60,5,2,16,4,9,1,10,3,13,15,7,11,14,6,8,12
58.70,5,2,16,4,9,1,10,3,13,15,7,11,14,6,8,12
58.80,5,2,16,4,9,1,10,3,13,15,7,11,14,6,8,12
58.90,5,2,16,4,9,1,10,3,13,15,7,11,14,6,8,12
59.00,5,2,16,4,9,1,10,3,13,15,7,11,14,6,8,12
59.10,5,2,16,4,9,1,10,3,13,15,7,11,14,6,8,12
59.20,5,2,16,4,9,1,10,3,13,15,7,11,14,6,8,12
59.30,5,2,16,4,9,1,10,3,13,15,7,11,14,6,8,12
59.40,5,2,16,4,9,1,10,3,13,15,7,11,14,6,8,12
59.50,5,2,16,4,9,1,10,3,13,15,7,11,14,6,8,12
59.60,5,2,16,4,9,1,10,3,13,15,7,11,14,6,8,12
59.70,5,2,16,4,9,1,10,3,13,15,7,11,14,6,8,12
59.80,5,2,16,4,9,1,10,3,13,15,7,11,14,6,8,12
59.90,5,2,16,4,9,1,10,3,13,15,7,11,14,6,8,12
60.00,5,2,16,4,9,1,10,3,13,15,7,11,14,6,8,12
60.10,5,2,16,4,9,1,10,3,13,15,7,11,14,6,8,12
60.20,5,2,16,4,9,1,10,3,13,15,7,11,14,6,8,12
60.30,5,2,16,4,9,1,10,3,13,15,7,11,14,6,8,12
60.40,5,2,16,4,9,1,10,3,13,15,7,11,14,6,8,12
60.50,5,2,16,4,9,1,10,3,13,15,7,11,14,6,8,12
60.60,5,2,16,4,9,1,10,3,13,15,7,11,14,6,8,12
60.70,5,2,16,4,9,1,10,3,13,15,7,11,14,6,8,12
60.80,5,2,16,4,9,1,10,3,13,15,7,11,14,6,8,12
60.90,5,2,16,4,9,1,10,3,13,15,7,11,14,6,8,12
61.00,5,2,16,4,9,1,10,3,13,15,7,11,14,6,8,12
61.10,5,2,16,4,9,1,10,3,13,15,7,11,14,6,8,12
61.20,5,2,16,4,9,1,10,3,13,15,7,11,14,6,8,12
61.30,5,2,16,4,9,1,10,3,13,15,7,11,14,6,8,12
61.40,5,2,16,4,9,1,10,3,13,15,7,11,14,6,8,12
61.50,5,2,16,4,9,1,10,3,13,15,7,11,14,6,8,12
61.60,5,2,16,4,9,1,10,3,13,15,7,11,14,6,8,12
61.70,5,2,16,4,9,1,10,3,13,15,7,11,14,6,8,12
61.80,5,2,16,4,9,1,10,3,13,15,7,11,14,6,8,12
61.90,5,2,16,4,9,1,10,3,13,15,7,11,14,6,8,12
62.00,5,2,16,4,9,1,10,3,13,15,7,11,14,6,8,12
62.10,5,2,16,4,9,1,10,3,13,15,7,11,14,6,8,12
62.20,5,2,16,4,9,1,10,3,13,15,7,11,14,6,8,12
62.30,5,2,16,4,9,1,10,3,13,15,7,11,14,6,8,12
62.40,5,2,16,4,9,1,10,3,13,15,7,11,14,6,8,12
62.50,5,2,16,4,9,1,10,3,13,15,7,11,14,6,8,12
62.60,5,2,16,4,9,1,10,3,13,15,7,11,14,6,8,12
62.70,5,2,16,4,9,1,10,3,13,15,7,11,14,6,8,12
62.80,5,2,16,4,9,1,10,3,13,15,7,11,14,6,8,12
62.90,5,2,16,4,9,1,10,3,13,15,7,11,14,6,8,12
63.00,5,2,16,4,9,1,10,3,13,15,7,11,14,6,8,12
63.10,5,2,16,4,9,1,10,3,13,15,7,11,14,6,8,12
63.20,5,2,16,4,9,1,10,3,13,15,7,11,14,6,8,12
63.30,5,2,16,4,9,1,10,3,13,15,7,11,14,6,8,12
63.40,5,2,16,4,9,1,10,3,13,15,7,11,14,6,8,12
63.50,5,2,16,4,9,1,10,3,13,15,7,11,14,6,8,12
63.60,5,2,16,4,9,1,10,3,13,15,7,11,14,6,8,12
63.70,5,2,16,4,9,1,10,3,13,15,7,11,14,6,8,12
63.80,5,2,16,4,9,1,10,3,13,15,7,11,14,6,8,12
63.90,5,2,16,4,9,1,10,3,13,15,7,11,14,6,8,12
64.00,5,2,16,4,9,1,10,3,13,15,7,11,14,6,8,12
64.10,5,2,16,4,9,1,10,3,13,15,7,11,14,6,8,12
64.20,5,2,16,4,9,1,10,3,13,15,7,11,14,6,8,12
64.30,5,2,16,4,9,1,10,3,13,15,7,11,14,6,8,12
64.40,5,2,16,4,9,1,10,3,13,15,7,11,14,6,8,12
64.50,5,2,16,4,9,1,10,3,13,15,7,11,14,6,8,12
64.60,5,2,16,4,9,1,10,3,13,15,7,11,14,6,8,12
64.70,5,2,16,4,9,1,10,3,13,15,7,11,14,6,8,12
64.80,5,2,16,4,9,1,10,3,13,15,7,11,14,6,8,12
64.90,5,2,16,4,9,1,10,3,13,15,7,11,14,6,8,12
65.00,5,2,16,4,9,1,10,3,13,15,7,11,14,6,8,12
65.10,5,2,16,4,9,1,10,3,13,15,7,11,14,6,8,12
65.20,5,2,16,4,9,1,10,3,13,15,7,11,14,6,8,12
65.30,5,2,16,4,9,1,10,3,13,15,7,11,14,6,8,12
65.40,5,2,16,4,9,1,10,3,13,15,7,11,14,6,8,12
65.50,5,2,16,4,9,1,10,3,13,15,7,11,14,6,8,12
65.60,5,2,16,4,9,1,10,3,13,15,7,11,14,6,8,12
65.70,5,2,16,4,9,1,10,3,13,15,7,11,14,6,8,12
65.80,5,2,16,4,9,1,10,3,13,15,7,11,14,6,8,12
65.90,5,2,16,4,9,1,10,3,13,15,7,11,14,6,8,12
66.00,5,2,16,4,9,1,10,3,13,15,7,11,14,6,8,12
66.10,5,2,16,4,9,1,10,3,13,15,7,11,14,6,8,12
66.20,5,2,16,4,9,1,10,3,13,15,7,11,14,6,8,12
66.30,5,2,16,4,9,1,10,3,13,15,7,11,14,6,8,12
66.40,5,2,16,4,9,1,10,3,13,15,7,11,14,6,8,12
66.50,5,2,16,4,9,1,10,3,13,15,7,11,14,6,8,12
66.60,5,2,16,4,9,1,10,3,13,15,7,11,14,6,8,12
66.70,5,2,16,4,9,1,10,3,13,15,7,11,14,6,8,12
66.80,5,2,16,4,9,1,10,3,13,15,7,11,14,6,8,12
66.90,5,2,16,4,9,1,10,3,13,15,7,11,14,6,8,12
67.00,5,2,16,4,9,1,10,3,13,15,7,11,14,6,8,12
67.10,5,2,16,4,9,1,10,3,13,15,7,11,14,6,8,12
67.20,5,2,16,4,9,1,10,3,13,15,7,11,14,6,8,12
67.30,5,2,16,4,9,1,10,3,13,15,7,11,14,6,8,12
67.40,5,2,16,4,9,1,10,3,13,15,7,11,14,6,8,12
67.50,5,2,16,4,9,1,10,3,13,15,7,11,14,6,8,12
67.60,5,2,16,4,9,1,10,3,13,15,7,11,14,6,8,12
67.70,5,2,16,4,9,1,10,3,13,15,7,11,14,6,8,12
67.80,5,2,16,4,9,1,10,3,13,15,7,11,14,6,8,12
67.90,5,2,16,4,9,1,10,3,13,15,7,11,14,6,8,12
68.00,5,2,16,4,9,1,10,3,13,15,7,11,14,6,8,12
68.10,5,2,16,4,9,1,10,3,13,15,7,11,14,6,8,12
68.20,5,2,16,4,9,1,10,3,13,15,7,11,14,6,8,12
68.30,5,2,16,4,9,1,10,3,13,15,7,11,14,6,8,12
68.40,5,2,16,4,9,1,10,3,13,15,7,11,14,6,8,12
68.50,5,2,16,4,9,1,10,3,13,15,7,11,14,6,8,12
68.60,5,2,16,4,9,1,10,3,13,15,7,11,14,6,8,12
68.70,5,2,16,4,9,1,10,3,13,15,7,11,14,6,8,12
68.80,5,2,16,4,9,1,10,3,13,15,7,11,14,6,8,12
68.90,5,2,16,4,9,1,10,3,13,15,7,11,14,6,8,12
69.00,5,2,16,4,9,1,10,3,13,15,7,11,14,6,8,12
69.10,5,2,16,4,9,1,10,3,13,15,7,11,14,6,8,12
69.20,5,2,16,4,9,1,10,3,13,15,7,11,14,6,8,12
69.30,5,2,16,4,9,1,10,3,13,15,7,11,14,6,8,12
69.40,5,2,16,4,9,1,10,3,13,15,7,11,14,6,8,12
69.50,5,2,16,4,9,1,10,3,13,15,7,11,14,6,8,12
69.60,5,2,16,4,9,1,10,3,13,15,7,11,14,6,8,12
69.70,5,2,16,4,9,1,10,3,13,15,7,11,14,6,8,12
69.80,5,2,16,4,9,1,10,3,13,15,7,11,14,6,8,12
69.90,5,2,16,4,9,1,10,3,13,15,7,11,14,6,8,12
70.00,5,2,16,4,9,1,10,3,13,15,7,11,14,6,8,12
70.10,5,2,16,4,9,1,10,3,13,15,7,11,14,6,8,12
70.20,5,2,16,4,9,1,10,3,13,15,7,11,14,6,8,12
70.30,5,2,16,4,9,1,10,3,13,15,7,11,14,6,8,12
70.40,5,2,16,4,9,1,10,3,13,15,7,11,14,6,8,12
70.50,5,2,16,4,9,1,10,3,13,15,7,11,14,6,8,12
70.60,5,2,16,4,9,1,10,3,13,15,7,11,14,6,8,12
70.70,5,2,16,4,9,1,10,3,13,15,7,11,14,6,8,12
70.80,5,2,16,4,9,1,10,3,13,15,7,11,14,6,8,12
70.90,5,2,16,4,9,1,10,3,13,15,7,11,14,6,8,12
71.00,5,2,16,4,9,1,10,3,13,15,7,11,14,6,8,12
71.10,5,2,16,4,9,1,10,3,13,15,7,11,14,6,8,12
71.20,5,2,16,4,9,1,10,3,13,15,7,11,14,6,8,12
71.30,5,2,16,4,9,1,10,3,13,15,7,11,14,6,8,12
71.40,5,2,16,4,9,1,10,3,13,15,7,11,14,6,8,12
71.50,5,2,16,4,9,1,10,3,13,15,7,11,14,6,8,12
71.60,5,2,16,4,9,1,10,3,13,15,7,11,14,6,8,12
71.70,5,2,16,4,9,1,10,3,13,15,7,11,14,6,8,12
71.80,5,2,16,4,9,1,10,3,13,15,7,11,14,6,8,12
71.90,5,2,16,4,9,1,10,3,13,15,7,11,14,6,8,12
72.00,5,2,16,4,9,1,10,3,13,15,7,11,14,6,8,12
72.10,5,2,16,4,9,1,10,3,13,15,7,11,14,6,8,12
72.20,5,2,16,4,9,1,10,3,13,15,7,11,14,6,8,12
72.30,5,2,16,4,9,1,10,3,13,15,7,11,14,6,8,12
72.40,5,2,16,4,9,1,10,3,13,15,7,11,14,6,8,12
72.50,5,2,16,4,9,1,10,3,13,15,7,11,14,6,8,12
72.60,5,2,16,4,9,1,10,3,13,15,7,11,14,6,8,12
72.70,5,2,16,4,9,1,10,3,13,15,7,11,14,6,8,12
72.80,5,2,16,4,9,1,10,3,13,15,7,11,14,6,8,12
72.90,5,2,16,4,9,1,10,3,13,15,7,11,14,6,8,12
73.00,5,2,16,4,9,1,10,3,13,15,7,11,14,6,8,12
73.10,5,2,16,4,9,1,10,3,13,15,7,11,14,6,8,12
73.20,5,2,16,4,9,1,10,3,13,15,7,11,14,6,8,12
73.30,5,2,16,4,9,1,10,3,13,15,7,11,14,6,8,12
73.40,5,2,16,4,9,1,10,3,13,15,7,11,14,6,8,12
73.50,5,2,16,4,9,1,10,3,13,15,7,11,14,6,8,12
73.60,5,2,16,4,9,1,10,3,13,15,7,11,14,6,8,12
73.70,5,2,16,4,9,1,10,3,13,15,7,11,14,6,8,12
73.80,5,2,16,4,9,1,10,3,13,15,7,11,14,6,8,12
73.90,5,2,16,4,9,1,10,3,13,15,7,11,14,6,8,12
74.00,5,2,16,4,9,1,10,3,13,15,7,11,14,6,8,12
74.10,5,2,16,4,9,1,10,3,13,15,7,11,14,6,8,12
74.20,5,2,16,4,9,1,10,3,13,15,7,11,14,6,8,12
74.30,5,2,16,4,9,1,10,3,13,15,7,11,14,6,8,12
74.40,5,2,16,4,9,1,10,3,13,15,7,11,14,6,8,12
74.50,5,2,16,4,9,1,10,3,13,15,7,11,14,6,8,12
74.60,5,2,16,4,9,1,10,3,13,15,7,11,14,6,8,12
74.70,5,2,16,4,9,1,10,3,13,15,7,11,14,6,8,12
74.80,5,2,16,4,9,1,10,3,13,15,7,11,14,6,8,12
74.90,5,2,16,4,9,1,10,3,13,15,7,11,14,6,8,12
75.00,5,2,16,4,9,1,10,3,13,15,7,11,14,6,8,12
75.10,5,2,16,4,9,1,10,3,13,15,7,11,14,6,8,12
75.20,5,2,16,4,9,1,10,3,13,15,7,11,14,6,8,12
75.30,5,2,16,4,9,1,10,3,13,15,7,11,14,6,8,12
75.40,5,2,16,4,9,1,10,3,13,15,7,11,14,6,8,12
75.50,5,2,16,4,9,1,10,3,13,15,7,11,14,6,8,12
75.60,5,2,16,4,9,1,10,3,13,15,7,11,14,6,8,12
75.70,5,2,16,4,9,1,10,3,13,15,7,11,14,6,8,12
75.80,5,2,16,4,9,1,10,3,13,15,7,11,14,6,8,12
75.90,5,2,16,4,9,1,10,3,13,15,7,11,14,6,8,12
76.00,5,2,16,4,9,1,10,3,13,15,7,11,14,6,8,12
76.10,5,2,16,4,9,1,10,3,13,15,7,11,14,6,8,12
76.20,5,2,16,4,9,1,10,3,13,15,7,11,14,6,8,12
76.30,5,2,16,4,9,1,10,3,13,15,7,11,14,6,8,12
76.40,5,2,16,4,9,1,10,3,13,15,7,11,14,6,8,12
76.50,5,2,16,4,9,1,10,3,13,15,7,11,14,6,8,12
76.60,5,2,16,4,9,1,10,3,13,15,7,11,14,6,8,12
76.70,5,2,16,4,9,1,10,3,13,15,7,11,14,6,8,12
76.80,5,2,16,4,9,1,10,3,13,15,7,11,14,6,8,12
76.90,5,2,16,4,9,1,10,3,13,15,7,11,14,6,8,12
77.00,5,2,16,4,9,1,10,3,13,15,7,11,14,6,8,12
77.10,5,2,16,4,9,1,10,3,13,15,7,11,14,6,8,12
77.20,5,2,16,4,9,1,10,3,13,15,7,11,14,6,8,12
77.30,5,2,16,4,9,1,10,3,13,15,7,11,14,6,8,12
77.40,5,2,16,4,9,1,10,3,13,15,7,11,14,6,8,12
77.50,5,2,16,4,9,1,10,3,13,15,7,11,14,6,8,12
77.60,5,2,16,4,9,1,10,3,13,15,7,11,14,6,8,12
77.70,5,2,16,4,9,1,10,3,13,15,7,11,14,6,8,12
77.80,5,2,16,4,9,1,10,3,13,15,7,11,14,6,8,12
77.90,5,2,16,4,9,1,10,3,13,15,7,11,14,6,8,12
78.00,5,2,16,4,9,1,10,3,13,15,7,11,14,6,8,12
78.10,5,2,16,4,9,1,10,3,13,15,7,11,14,6,8,12
78.20,5,2,16,4,9,1,10,3,13,15,7,11,14,6,8,12
78.30,5,2,16,4,9,1,10,3,13,15,7,11,14,6,8,12
78.40,5,2,16,4,9,1,10,3,13,15,7,11,14,6,8,12
78.50,5,2,16,4,9,1,10,3,13,15,7,11,14,6,8,12
78.60,5,2,16,4,9,1,10,3,13,15,7,11,14,6,8,12
78.70,5,2,16,4,9,1,10,3,13,15,7,11,14,6,8,12
78.80,5,2,16,4,9,1,10,3,13,15,7,11,14,6,8,12
78.90,5,2,16,4,9,1,10,3,13,15,7,11,14,6,8,12
79.00,5,2,16,4,9,1,10,3,13,15,7,11,14,6,8,12
79.10,5,2,16,4,9,1,10,3,13,15,7,11,14,6,8,12
79.20,5,2,16,4,9,1,10,3,13,15,7,11,14,6,8,12
79.30,5,2,16,4,9,1,10,3,13,15,7,11,14,6,8,12
79.40,5,2,16,4,9,1,10,3,13,15,7,11,14,6,8,12
79.50,5,2,16,4,9,1,10,3,13,15,7,11,14,6,8,12
79.60,5,2,15,4,9,1,10,3,13,16,7,11,14,6,8,12
79.70,5,2,15,4,9,1,10,3,13,16,7,11,14,6,8,12
79.80,5,2,15,4,9,1,10,3,13,16,7,11,14,6,8,12
79.90,5,2,15,4,9,1,10,3,13,16,7,11,14,6,8,12
80.00,5,2,15,4,9,1,10,3,13,16,7,11,14,6,8,12
80.10,5,2,15,4,9,1,10,3,13,16,7,11,14,6,8,12
80.20,5,2,15,4,9,1,10,3,13,16,7,11,14,6,8,12
80.30,5,2,15,4,9,1,10,3,13,16,7,11,14,6,8,12
80.40,5,2,15,4,9,1,10,3,13,16,7,11,14,6,8,12
80.50,5,2,15,4,9,1,10,3,13,16,7,11,14,6,8,12
80.60,5,2,15,4,9,1,10,3,13,16,7,11,14,6,8,12
80.70,5,2,15,4,9,1,10,3,13,16,7,11,14,6,8,12
80.80,5,2,15,4,9,1,10,3,13,16,7,11,14,6,8,12
80.90,5,2,15,4,9,1,10,3,13,16,7,11,14,6,8,12
81.00,5,2,15,4,9,1,10,3,13,16,7,11,14,6,8,12
81.10,5,2,15,4,9,1,10,3,13,16,7,11,14,6,8,12
81.20,5,2,15,4,9,1,10,3,13,16,7,11,14,6,8,12
81.30,5,2,15,4,9,1,10,3,13,16,7,11,14,6,8,12
81.40,5,2,15,4,9,1,10,3,13,16,7,11,14,6,8,12
81.50,5,2,15,4,9,1,10,3,13,16,7,11,14,6,8,12
81.60,5,2,15,4,9,1,10,3,13,16,7,11,14,6,8,12
81.70,5,2,15,4,9,1,10,3,13,16,7,11,14,6,8,12
81.80,5,2,15,4,9,1,10,3,13,16,7,11,14,6,8,12
81.90,5,2,15,4,9,1,10,3,13,16,7,11,14,6,8,12
82.00,5,2,15,4,9,1,10,3,13,16,7,11,14,6,8,12
82.10,5,2,15,4,9,1,10,3,13,16,7,11,14,6,8,12
82.20,5,2,15,4,9,1,10,3,13,16,7,11,14,6,8,12
82.30,5,2,15,4,9,1,10,3,13,16,7,11,14,6,8,12
82.40,5,2,15,4,9,1,10,3,13,16,7,11,14,6,8,12
82.50,5,2,15,4,9,1,10,3,13,16,7,11,14,6,8,12
82.60,5,2,15,4,9,1,10,3,13,16,7,11,14,6,8,12
82.70,5,2,15,4,9,1,10,3,13,16,7,11,14,6,8,12
82.80,5,2,15,4,9,1,10,3,13,16,7,11,14,6,8,12
82.90,5,2,15,4,9,1,10,3,13,16,7,11,14,6,8,12
83.00,5,2,15,4,9,1,10,3,13,16,7,11,14,6,8,12
83.10,5,2,15,4,9,1,10,3,13,16,7,11,14,6,8,12
83.20,5,2,15,4,9,1,10,3,13,16,7,11,14,6,8,12
83.30,5,2,15,4,9,1,10,3,13,16,7,11,14,6,8,12
83.40,5,2,15,4,9,1,10,3,13,16,7,11,14,6,8,12
83.50,5,2,15,4,9,1,10,3,13,16,7,11,14,6,8,12
83.60,5,2,15,4,9,1,10,3,13,16,7,11,14,6,8,12
83.70,5,2,15,4,9,1,10,3,13,16,7,11,14,6,8,12
83.80,5,2,15,4,9,1,10,3,13,16,7,11,14,6,8,12
83.90,5,2,15,4,9,1,10,3,13,16,7,11,14,6,8,12
84.00,5,2,15,4,9,1,10,3,13,16,7,11,14,6,8,12
84.10,5,2,15,4,9,1,10,3,13,16,7,11,14,6,8,12
84.20,5,2,15,4,9,1,10,3,13,16,7,11,14,6,8,12
84.30,5,2,15,4,9,1,10,3,13,16,7,11,14,6,8,12
84.40,5,2,15,4,9,1,10,3,13,16,7,11,14,6,8,12
84.50,5,2,15,4,9,1,10,3,13,16,7,11,14,6,8,12
84.60,5,2,15,4,9,1,10,3,13,16,7,11,14,6,8,12
84.70,5,2,15,4,9,1,10,3,13,16,7,11,14,6,8,12
84.80,5,2,15,4,9,1,10,3,13,16,7,11,14,6,8,12
84.90,5,2,15,4,9,1,10,3,13,16,7,11,14,6,8,12
85.00,5,2,15,4,9,1,10,3,13,16,7,11,14,6,8,12
85.10,5,2,15,4,9,1,10,3,13,16,7,11,14,6,8,12
85.20,5,2,15,4,9,1,10,3,13,16,7,11,14,6,8,12
85.30,5,2,15,4,9,1,10,3,13,16,7,11,14,6,8,12
85.40,5,2,15,4,9,1,10,3,13,16,7,11,14,6,8,12
85.50,5,2,15,4,9,1,10,3,13,16,7,11,14,6,8,12
85.60,5,2,15,4,9,1,10,3,13,16,7,11,14,6,8,12
85.70,5,2,15,4,9,1,10,3,13,16,7,11,14,6,8,12
85.80,5,2,15,4,9,1,10,3,13,16,7,11,14,6,8,12
85.90,5,2,15,4,9,1,10,3,13,16,7,11,14,6,8,12
86.00,5,2,15,4,9,1,10,3,13,16,7,11,14,6,8,12
86.10,5,2,15,4,9,1,10,3,13,16,7,11,14,6,8,12
86.20,5,2,15,4,9,1,10,3,13,16,7,11,14,6,8,12
86.30,5,2,15,4,9,1,10,3,13,16,7,11,14,6,8,12
86.40,5,2,15,4,9,1,10,3,13,16,7,11,14,6,8,12
86.50,5,2,15,4,9,1,10,3,13,16,7,11,14,6,8,12
86.60,5,2,15,4,9,1,10,3,13,16,7,11,14,6,8,12
86.70,5,2,15,4,9,1,10,3,13,16,7,11,14,6,8,12
86.80,5,2,15,4,9,1,10,3,13,16,7,11,14,6,8,12
86.90,5,2,15,4,9,1,10,3,13,16,7,11,14,6,8,12
87.00,5,2,15,4,9,1,10,3,13,16,7,11,14,6,8,12
87.10,5,2,15,4,9,1,10,3,13,16,7,11,14,6,8,12
87.20,5,2,15,4,9,1,10,3,13,16,7,11,14,6,8,12
87.30,5,2,15,4,9,1,10,3,13,16,7,11,14,6,8,12
87.40,5,2,15,4,9,1,10,3,13,16,7,11,14,6,8,12
87.50,5,2,15,4,9,1,10,3,13,16,7,11,14,6,8,12
87.60,5,2,15,4,9,1,10,3,13,16,7,11,14,6,8,12
87.70,5,2,15,4,9,1,10,3,13,16,7,11,14,6,8,12
87.80,5,2,15,4,9,1,10,3,13,16,7,11,14,6,8,12
87.90,5,2,15,4,9,1,10,3,13,16,7,11,14,6,8,12
88.00,5,2,15,4,9,1,10,3,13,16,7,11,14,6,8,12
88.10,5,2,15,4,9,1,10,3,13,16,7,11,14,6,8,12
88.20,5,2,15,4,9,1,10,3,13,16,7,11,14,6,8,12
88.30,5,2,15,4,9,1,10,3,13,16,7,11,14,6,8,12
88.40,5,2,15,4,9,1,10,3,13,16,7,11,14,6,8,12
88.50,5,2,15,4,9,1,10,3,13,16,7,11,14,6,8,12
88.60,5,2,15,4,9,1,10,3,13,16,7,11,14,6,8,12
88.70,5,2,15,4,9,1,10,3,13,16,7,11,14,6,8,12
88.80,5,2,15,4,9,1,10,3,13,16,7,11,14,6,8,12
88.90,5,2,15,4,9,1,10,3,13,16,7,11,14,6,8,12
89.00,5,2,15,4,9,1,10,3,13,16,7,11,14,6,8,12
89.10,5,2,15,4,9,1,10,3,13,16,7,11,14,6,8,12
89.20,5,2,15,4,9,1,10,3,13,16,7,11,14,6,8,12
89.30,5,2,15,4,9,1,10,3,13,16,7,11,14,6,8,12
89.40,5,2,15,4,9,1,10,3,13,16,7,11,14,6,8,12
89.50,5,2,15,4,9,1,10,3,13,16,7,11,14,6,8,12
89.60,5,2,15,4,9,1,10,3,13,16,7,11,14,6,8,12
89.70,5,2,15,4,9,1,10,3,13,16,7,11,14,6,8,12
89.80,5,2,15,4,9,1,10,3,13,16,7,11,14,6,8,12
89.90,5,2,15,4,9,1,10,3,13,16,7,11,14,6,8,12
90.00,5,2,15,4,9,1,10,3,13,16,7,11,14,6,8,12
90.10,5,2,15,4,9,1,10,3,13,16,7,11,14,6,8,12
90.20,5,2,15,4,9,1,10,3,13,16,7,11,14,6,8,12
90.30,5,2,15,4,9,1,10,3,13,16,7,11,14,6,8,12
90.40,5,2,15,4,9,1,10,3,13,16,7,11,14,6,8,12
90.50,5,2,15,4,9,1,10,3,13,16,7,11,14,6,8,12
90.60,5,2,15,4,9,1,10,3,13,16,7,11,14,6,8,12
90.70,5,2,15,4,9,1,10,3,13,16,7,11,14,6,8,12
90.80,5,2,15,4,9,1,10,3,13,16,7,11,14,6,8,12
90.90,5,2,15,4,9,1,10,3,13,16,7,11,14,6,8,12
91.00,5,2,15,4,9,1,10,3,13,16,7,11,14,6,8,12
91.10,5,2,15,4,9,1,10,3,13,16,7,11,14,6,8,12
91.20,5,2,15,4,9,1,10,3,13,16,7,11,14,6,8,12
91.30,5,2,15,4,9,1,10,3,13,16,7,11,14,6,8,12
91.40,5,2,15,4,9,1,10,3,13,16,7,11,14,6,8,12
91.50,5,2,15,4,9,1,10,3,13,16,7,11,14,6,8,12
91.60,5,2,15,4,9,1,10,3,13,16,7,11,14,6,8,12
91.70,5,2,15,4,9,1,10,3,13,16,7,11,14,6,8,12
91.80,5,2,15,4,9,1,10,3,13,16,7,11,14,6,8,12
91.90,5,2,15,4,9,1,10,3,13,16,7,11,14,6,8,12
92.00,5,2,15,4,9,1,10,3,13,16,7,11,14,6,8,12
92.10,5,2,15,4,9,1,10,3,13,16,7,11,14,6,8,12
92.20,5,2,15,4,9,1,10,3,13,16,7,11,14,6,8,12
92.30,5,2,15,4,9,1,10,3,13,16,7,11,14,6,8,12
92.40,5,2,15,4,9,1,10,3,13,16,7,11,14,6,8,12
92.50,5,2,15,4,9,1,10,3,13,16,7,11,14,6,8,12
92.60,5,2,15,4,9,1,10,3,13,16,7,11,14,6,8,12
92.70,5,2,15,4,9,1,10,3,13,16,7,11,14,6,8,12
92.80,5,2,15,4,9,1,10,3,13,16,7,11,14,6,8,12
92.90,5,2,15,4,9,1,10,3,13,16,7,11,14,6,8,12
93.00,5,2,15,4,9,1,10,3,13,16,7,11,14,6,8,12
93.10,5,2,15,4,9,1,10,3,13,16,7,11,14,6,8,12
93.20,5,2,15,4,9,1,10,3,13,16,7,11,14,6,8,12
93.30,5,2,15,4,9,1,10,3,13,16,7,11,14,6,8,12
93.40,5,2,15,4,9,1,10,3,13,16,7,11,14,6,8,12
93.50,5,2,15,4,9,1,10,3,13,16,7,11,14,6,8,12
93.60,5,2,15,4,9,1,10,3,13,16,7,11,14,6,8,12
93.70,5,2,15,4,9,1,10,3,13,16,7,11,14,6,8,12
93.80,5,2,15,4,9,1,10,3,13,16,7,11,14,6,8,12
93.90,5,2,15,4,9,1,10,3,13,16,7,11,14,6,8,12
94.00,5,2,15,4,9,1,10,3,13,16,7,11,14,6,8,12
94.10,5,2,15,4,9,1,10,3,13,16,7,11,14,6,8,12
94.20,5,2,15,4,9,1,10,3,13,16,7,11,14,6,8,12
94.30,5,2,15,4,9,1,10,3,13,16,7,11,14,6,8,12
94.40,5,2,15,4,9,1,10,3,13,16,7,11,14,6,8,12
94.50,5,2,15,4,9,1,10,3,13,16,7,11,14,6,8,12
94.60,5,2,15,4,9,1,10,3,13,16,7,11,14,6,8,12
94.70,5,2,15,4,9,1,10,3,13,16,7,11,14,6,8,12
94.80,5,2,15,4,9,1,10,3,13,16,7,11,14,6,8,12
94.90,5,2,15,4,9,1,10,3,13,16,7,11,14,6,8,12
95.00,5,2,15,4,9,1,10,3,13,16,7,11,14,6,8,12
95.10,5,2,15,4,9,1,10,3,13,16,7,11,14,6,8,12
95.20,5,2,15,4,9,1,10,3,13,16,7,11,14,6,8,12
95.30,5,2,15,4,9,1,10,3,13,16,7,11,14,6,8,12
95.40,5,2,15,4,9,1,10,3,13,16,7,11,14,6,8,12
95.50,5,2,15,4,9,1,10,3,13,16,7,11,14,6,8,12
95.60,5,2,15,4,9,1,10,3,13,16,7,11,14,6,8,12
95.70,5,2,15,4,9,1,10,3,13,16,7,11,14,6,8,12
95.80,5,2,15,4,9,1,10,3,13,16,7,11,14,6,8,12
95.90,5,2,15,4,9,1,10,3,13,16,7,11,14,6,8,12
96.00,5,2,15,4,9,1,10,3,13,16,7,11,14,6,8,12
96.10,5,2,15,4,9,1,10,3,13,16,7,11,14,6,8,12
96.20,5,2,15,4,9,1,10,3,13,16,7,11,14,6,8,12
96.30,5,2,15,4,9,1,10,3,13,16,7,11,14,6,8,12
96.40,5,2,15,4,9,1,10,3,13,16,7,11,14,6,8,12
96.50,5,2,15,4,9,1,10,3,13,16,7,11,14,6,8,12
96.60,5,2,15,4,9,1,10,3,13,16,7,11,14,6,8,12
96.70,5,2,15,4,9,1,10,3,13,16,7,11,14,6,8,12
96.80,5,2,15,4,9,1,10,3,13,16,7,11,14,6,8,12
96.90,5,2,15,4,9,1,10,3,13,16,7,11,14,6,8,12
97.00,5,2,15,4,9,1,10,3,13,16,7,11,14,6,8,12
97.10,5,2,15,4,9,1,10,3,13,16,7,11,14,6,8,12
97.20,5,2,15,4,9,1,10,3,13,16,7,11,14,6,8,12
97.30,5,2,15,4,9,1,10,3,13,16,7,11,14,6,8,12
97.40,5,2,15,4,9,1,10,3,13,16,7,11,14,6,8,12
97.50,5,2,15,4,9,1,10,3,13,16,7,11,14,6,8,12
97.60,5,2,15,4,9,1,10,3,13,16,7,11,14,6,8,12
97.70,5,2,15,4,9,1,10,3,13,16,7,11,14,6,8,12
97.80,5,2,15,4,9,1,10,3,13,16,7,11,14,6,8,12
97.90,5,2,15,4,9,1,10,3,13,16,7,11,14,6,8,12
98.00,5,2,15,4,9,1,10,3,13,16,7,11,14,6,8,12
98.10,5,2,15,4,9,1,10,3,13,16,7,11,14,6,8,12
98.20,5,2,15,4,9,1,10,3,12,16,7,11,14,6,8,13
98.30,5,2,15,4,9,1,10,3,12,16,7,11,14,6,8,13
98.40,5,2,15,4,9,1,10,3,12,16,7,11,14,6,8,13
98.50,5,2,15,4,9,1,10,3,12,16,7,11,14,6,8,13
98.60,5,2,15,4,9,1,10,3,12,16,7,11,14,6,8,13
98.70,5,2,15,4,9,1,10,3,12,16,7,11,14,6,8,13
98.80,5,2,15,4,9,1,10,3,12,16,7,11,14,6,8,13
98.90,5,2,15,4,9,1,10,3,12,16,7,11,14,6,8,13
99.00,5,2,15,4,9,1,10,3,12,16,7,11,14,6,8,13
99.10,5,2,15,4,9,1,10,3,12,16,7,11,14,6,8,13
99.20,5,2,15,4,9,1,10,3,12,16,7,11,14,6,8,13
99.30,5,2,15,4,9,1,10,3,12,16,7,11,14,6,8,13
99.40,5,2,15,4,9,1,10,3,12,16,7,11,14,6,8,13
99.50,5,2,15,4,9,1,10,3,12,16,7,11,14,6,8,13
99.60,5,2,15,4,9,1,10,3,12,16,7,11,14,6,8,13
99.70,5,2,15,4,9,1,10,3,12,16,7,11,14,6,8,13
99.80,5,2,15,4,9,1,10,3,12,16,7,11,14,6,8,13
99.90,5,2,15,4,9,1,10,3,12,16,7,11,14,6,8,13
100.00,5,2,15,4,9,1,10,3,12,16,7,11,14,6,8,13
100.10,5,2,15,4,9,1,10,3,12,16,7,11,14,6,8,13
100.20,5,2,15,4,9,1,10,3,12,16,7,11,14,6,8,13
100.30,5,2,15,4,9,1,10,3,12,16,7,11,14,6,8,13
100.40,5,2,15,4,9,1,10,3,12,16,7,11,14,6,8,13
100.50,5,2,15,4,9,1,10,3,12,16,7,11,14,6,8,13
100.60,5,2,15,4,9,1,10,3,12,16,7,11,14,6,8,13
100.70,5,2,15,4,9,1,10,3,12,16,7,11,14,6,8,13
100.80,5,2,15,4,9,1,10,3,12,16,7,11,14,6,8,13
100.90,5,2,15,4,9,1,10,3,12,16,7,11,14,6,8,13
101.00,5,2,15,4,9,1,10,3,12,16,7,11,14,6,8,13
