Theta,Andre Russell,Ben Stokes,Chris Morris,Dwayne Bravo,Imran Tahir,Jofra Archer,Kagiso Rabada,Keemo Paul,Lasith Malinga,Moeen Ali,Mohammad Nabi,Rashid Khan,Sam Curran,Sunil Narine,Trent Boult
1.00,5,14,10,7,1,6,2,13,3,12,9,4,11,8,15
1.10,5,14,10,7,1,6,2,13,3,12,9,4,11,8,15
1.20,5,14,10,7,1,6,2,13,3,12,9,4,11,8,15
1.30,5,14,10,7,1,6,2,13,3,12,9,4,11,8,15
1.40,5,14,10,7,1,6,2,13,3,12,9,4,11,8,15
1.50,5,14,10,7,1,6,2,13,3,12,9,4,11,8,15
1.60,5,14,10,7,1,6,2,13,3,12,9,4,11,8,15
1.70,5,14,10,7,1,6,2,13,3,12,9,4,11,8,15
1.80,5,14,10,7,1,6,2,13,3,12,9,4,11,8,15
1.90,5,14,10,7,1,6,2,13,3,12,9,4,11,8,15
2.00,5,14,10,7,1,6,2,13,3,12,9,4,11,8,15
2.10,5,14,10,7,1,6,2,13,3,12,9,4,11,8,15
2.20,5,14,10,7,1,6,2,13,3,12,9,4,11,8,15
2.30,5,14,10,7,1,6,2,13,3,12,9,4,11,8,15
2.40,5,14,10,7,1,6,2,13,3,12,9,4,11,8,15
2.50,5,14,10,7,1,6,2,13,3,12,9,4,11,8,15
2.60,5,14,10,7,1,6,2,13,3,12,9,4,11,8,15
2.70,5,14,10,7,1,6,2,13,3,12,9,4,11,8,15
2.80,5,14,10,7,1,6,2,13,3,12,9,4,11,8,15
2.90,5,14,10,7,1,6,2,13,3,12,9,4,11,8,15
3.00,5,14,10,7,1,6,2,13,3,12,8,4,11,9,15
3.10,5,14,10,7,1,6,2,13,3,12,8,4,11,9,15
3.20,5,14,10,7,1,6,2,13,4,12,8,3,11,9,15
3.30,5,14,10,7,1,6,2,13,4,12,8,3,11,9,15
3.40,5,14,10,7,1,6,2,13,4,12,8,3,11,9,15
3.50,5,14,10,7,1,6,2,13,4,12,8,3,11,9,15
3.60,5,14,10,7,1,6,2,13,4,12,8,3,11,9,15
3.70,5,14,10,7,1,6,2,13,4,12,8,3,11,9,15
3.80,5,14,10,7,1,6,2,13,4,12,8,3,11,9,15
3.90,5,14,10,7,1,6,2,13,4,12,8,3,11,9,15
4.00,5,14,10,7,1,6,2,13,4,12,8,3,11,9,15
4.10,5,14,10,7,1,6,2,13,4,12,8,3,11,9,15
4.20,5,14,10,7,1,6,2,13,4,12,8,3,11,9,15
4.30,5,14,10,7,1,6,2,13,4,12,8,3,11,9,15
4.40,5,14,9,7,1,6,2,13,4,12,8,3,11,10,15
4.50,5,14,9,7,1,6,2,13,4,12,8,3,11,10,15
4.60,5,14,9,7,1,6,2,13,4,12,8,3,11,10,15
4.70,5,14,9,7,1,6,2,13,4,12,8,3,11,10,15
4.80,5,14,9,7,1,6,2,13,4,12,8,3,11,10,15
4.90,5,14,9,7,1,6,2,13,4,12,8,3,11,10,15
5.00,5,14,9,7,1,6,2,13,4,12,8,3,11,10,15
5.10,5,14,9,7,1,6,2,13,4,12,8,3,11,10,15
5.20,5,14,9,7,1,6,2,13,4,12,8,3,11,10,15
5.30,5,14,9,7,1,6,2,13,4,12,8,3,11,10,15
5.40,5,14,9,7,1,6,2,13,4,12,8,3,11,10,15
5.50,5,14,9,7,1,6,2,13,4,12,8,3,11,10,15
5.60,5,14,9,7,1,6,2,13,4,12,8,3,11,10,15
5.70,5,14,9,7,1,6,2,13,4,12,8,3,11,10,15
5.80,5,14,9,7,1,6,2,13,4,12,8,3,11,10,15
5.90,5,14,9,7,1,6,2,13,4,12,8,3,11,10,15
6.00,5,14,9,7,1,6,2,13,4,12,8,3,11,10,15
6.10,5,14,9,7,1,6,2,13,4,12,8,3,11,10,15
6.20,5,14,9,8,1,6,2,13,4,12,7,3,11,10,15
6.30,5,14,9,8,1,6,2,13,4,12,7,3,11,10,15
6.40,5,14,9,8,1,6,2,13,4,12,7,3,11,10,15
6.50,5,14,9,8,1,6,2,13,4,12,7,3,11,10,15
6.60,5,14,9,8,1,6,2,13,4,12,7,3,11,10,15
6.70,5,14,9,8,1,6,2,13,4,12,7,3,11,10,15
6.80,5,14,9,8,1,6,2,13,4,12,7,3,11,10,15
6.90,5,14,9,8,1,6,2,13,4,12,7,3,11,10,15
7.00,5,14,9,8,1,6,2,13,4,12,7,3,11,10,15
7.10,5,14,9,8,1,6,2,13,4,12,7,3,11,10,15
7.20,5,14,9,8,1,6,2,13,4,12,7,3,11,10,15
7.30,5,14,9,8,1,6,2,13,4,12,7,3,11,10,15
7.40,5,14,9,8,1,6,2,13,4,12,7,3,11,10,15
7.50,5,14,9,8,1,6,2,13,4,12,7,3,11,10,15
7.60,5,14,9,8,1,6,2,13,4,12,7,3,11,10,15
7.70,5,14,9,8,1,6,2,13,4,12,7,3,11,10,15
7.80,5,14,9,8,1,6,2,13,4,12,7,3,11,10,15
7.90,5,14,9,8,1,6,2,13,4,12,7,3,11,10,15
8.00,5,14,9,8,1,6,2,13,4,12,7,3,11,10,15
8.10,5,14,9,8,1,6,2,13,4,12,7,3,11,10,15
8.20,5,14,9,8,1,6,2,13,4,12,7,3,11,10,15
8.30,5,14,9,8,1,6,2,13,4,12,7,3,11,10,15
8.40,5,14,9,8,1,6,2,13,4,12,7,3,11,10,15
8.50,5,14,9,8,1,6,2,13,4,12,7,3,11,10,15
8.60,5,14,9,8,1,6,2,13,4,12,7,3,11,10,15
8.70,5,14,9,8,1,6,2,13,4,12,7,3,11,10,15
8.80,5,14,9,8,1,6,2,13,4,12,7,3,11,10,15
8.90,5,14,9,8,1,6,2,13,4,12,7,3,11,10,15
9.00,5,14,9,8,1,6,2,13,4,12,7,3,11,10,15
9.10,5,14,9,8,1,6,2,13,4,12,7,3,11,10,15
9.20,5,14,9,8,1,6,2,13,4,12,7,3,11,10,15
9.30,5,14,9,8,1,7,2,13,4,12,6,3,11,10,15
9.40,5,14,9,8,1,7,2,13,4,12,6,3,11,10,15
9.50,5,14,9,8,1,7,2,13,4,12,6,3,11,10,15
9.60,5,14,9,8,1,7,2,13,4,12,6,3,11,10,15
9.70,5,14,9,8,1,7,2,13,4,12,6,3,11,10,15
9.80,5,14,9,8,1,7,2,13,4,12,6,3,11,10,15
9.90,5,14,9,8,1,7,2,13,4,12,6,3,11,10,15
10.00,5,14,9,8,1,7,2,13,4,12,6,3,11,10,15
10.10,5,14,9,8,1,7,2,13,4,12,6,3,11,10,15
10.20,5,14,9,8,1,7,2,13,4,12,6,3,11,10,15
10.30,5,14,9,8,1,7,2,13,4,12,6,3,11,10,15
10.40,5,14,9,8,1,7,2,13,4,12,6,3,11,10,15
10.50,5,14,9,8,1,7,2,13,4,12,6,3,11,10,15
10.60,5,14,9,8,1,7,2,13,4,12,6,3,11,10,15
10.70,5,14,8,9,1,7,2,13,4,12,6,3,11,10,15
10.80,5,14,8,9,1,7,2,13,4,12,6,3,11,10,15
10.90,5,14,8,9,1,7,2,13,4,12,6,3,11,10,15
11.00,5,14,8,9,1,7,2,13,4,12,6,3,11,10,15
11.10,5,14,8,9,1,7,2,13,4,12,6,3,11,10,15
11.20,5,14,8,9,1,7,2,13,4,12,6,3,11,10,15
11.30,5,14,8,9,1,7,2,13,4,12,6,3,11,10,15
11.40,5,14,8,9,1,7,2,13,4,11,6,3,12,10,15
11.50,5,14,8,9,1,7,2,13,4,11,6,3,12,10,15
11.60,5,14,8,9,1,7,2,13,4,11,6,3,12,10,15
11.70,5,14,8,9,1,7,2,13,4,11,6,3,12,10,15
11.80,5,14,8,9,1,7,2,13,4,11,6,3,12,10,15
11.90,5,14,8,9,1,7,2,13,4,11,6,3,12,10,15
12.00,5,14,8,9,1,7,2,13,4,11,6,3,12,10,15
12.10,5,14,8,9,1,7,2,13,4,11,6,3,12,10,15
12.20,5,14,8,9,1,7,2,13,4,11,6,3,12,10,15
12.30,5,14,8,9,1,7,2,13,4,11,6,3,12,10,15
12.40,5,14,8,9,1,7,2,13,4,11,6,3,12,10,15
12.50,5,14,8,9,1,7,2,13,4,11,6,3,12,10,15
12.60,5,14,8,9,1,7,2,13,4,11,6,3,12,10,15
12.70,5,14,8,9,1,7,2,13,4,11,6,3,12,10,15
12.80,5,14,8,9,1,7,2,13,4,11,6,3,12,10,15
12.90,5,14,8,9,1,7,2,13,4,11,6,3,12,10,15
13.00,5,14,8,9,1,7,2,13,4,11,6,3,12,10,15
13.10,5,14,8,9,1,7,2,13,4,11,6,3,12,10,15
13.20,5,14,8,9,1,7,2,13,4,11,6,3,12,10,15
13.30,5,14,8,9,1,7,2,13,4,11,6,3,12,10,15
13.40,5,14,8,9,1,7,2,13,4,11,6,3,12,10,15
13.50,5,14,8,9,1,7,2,13,4,11,6,3,12,10,15
13.60,5,14,8,9,1,7,2,13,4,11,6,3,12,10,15
13.70,5,14,8,9,1,7,2,13,4,11,6,3,12,10,15
13.80,6,14,8,9,1,7,2,13,4,11,5,3,12,10,15
13.90,6,14,8,9,1,7,2,13,4,11,5,3,12,10,15
14.00,6,14,8,9,1,7,2,13,4,11,5,3,12,10,15
14.10,6,14,8,9,1,7,2,13,4,11,5,3,12,10,15
14.20,6,14,8,9,1,7,2,13,4,11,5,3,12,10,15
14.30,6,14,8,9,1,7,2,13,4,11,5,3,12,10,15
14.40,6,14,8,9,1,7,2,13,4,11,5,3,12,10,15
14.50,6,14,8,9,1,7,2,13,4,11,5,3,12,10,15
14.60,6,14,8,9,1,7,2,13,4,11,5,3,12,10,15
14.70,6,14,8,9,1,7,2,13,4,11,5,3,12,10,15
14.80,6,14,8,9,1,7,2,13,4,11,5,3,12,10,15
14.90,6,14,8,9,1,7,2,13,4,11,5,3,12,10,15
15.00,6,14,8,9,1,7,2,13,4,11,5,3,12,10,15
15.10,6,14,8,9,1,7,2,13,4,11,5,3,12,10,15
15.20,6,14,8,9,1,7,2,13,4,11,5,3,12,10,15
15.30,6,14,8,9,1,7,2,13,4,11,5,3,12,10,15
15.40,6,14,8,9,1,7,2,13,4,10,5,3,12,11,15
15.50,6,14,8,9,1,7,2,13,4,10,5,3,12,11,15
15.60,6,14,8,9,1,7,2,13,4,10,5,3,12,11,15
15.70,6,14,8,9,1,7,2,13,4,10,5,3,12,11,15
15.80,6,14,8,9,1,7,2,13,4,10,5,3,12,11,15
15.90,6,14,8,9,1,7,2,13,4,10,5,3,12,11,15
16.00,6,14,8,9,1,7,2,13,4,10,5,3,12,11,15
16.10,6,14,8,9,1,7,2,13,4,10,5,3,12,11,15
16.20,6,14,8,9,1,7,2,13,4,10,5,3,12,11,15
16.30,6,14,8,9,1,7,2,13,4,10,5,3,12,11,15
16.40,6,14,8,9,1,7,2,13,4,10,5,3,12,11,15
16.50,6,14,8,9,1,7,2,13,4,10,5,3,12,11,15
16.60,6,14,8,9,1,7,2,13,4,10,5,3,12,11,15
16.70,6,14,8,9,1,7,2,13,4,10,5,3,12,11,15
16.80,6,14,8,9,1,7,2,13,4,10,5,3,12,11,15
16.90,6,14,8,9,1,7,2,13,4,10,5,3,12,11,15
17.00,6,14,8,9,1,7,2,13,4,10,5,3,12,11,15
17.10,6,14,8,9,1,7,2,13,4,10,5,3,12,11,15
17.20,6,14,8,9,1,7,2,13,4,10,5,3,12,11,15
17.30,6,14,8,9,1,7,2,13,4,10,5,3,12,11,15
17.40,6,14,8,9,1,7,2,13,4,10,5,3,11,12,15
17.50,6,14,8,9,1,7,2,13,4,10,5,3,11,12,15
17.60,6,14,8,9,1,7,2,13,4,10,5,3,11,12,15
17.70,6,14,8,9,1,7,2,13,4,10,5,3,11,12,15
17.80,6,14,8,9,1,7,2,13,4,10,5,3,11,12,15
17.90,6,14,8,9,1,7,2,13,4,10,5,3,11,12,15
18.00,6,14,8,9,1,7,2,13,4,10,5,3,11,12,15
18.10,6,14,8,9,1,7,2,13,4,10,5,3,11,12,15
18.20,6,14,8,9,1,7,2,13,4,10,5,3,11,12,15
18.30,6,14,8,9,1,7,2,13,4,10,5,3,11,12,15
18.40,6,14,8,9,1,7,2,13,4,10,5,3,11,12,15
18.50,6,14,8,9,1,7,2,13,4,10,5,3,11,12,15
18.60,6,14,8,9,1,7,2,13,4,10,5,3,11,12,15
18.70,6,14,8,9,1,7,2,13,4,10,5,3,11,12,15
18.80,6,14,8,9,1,7,2,13,4,10,5,3,11,12,15
18.90,6,14,8,9,1,7,2,13,4,10,5,3,11,12,15
19.00,6,14,8,9,1,7,2,13,4,10,5,3,11,12,15
19.10,6,14,8,9,1,7,2,13,4,10,5,3,11,12,15
19.20,6,14,8,9,1,7,2,13,4,10,5,3,11,12,15
19.30,6,14,8,9,1,7,2,13,4,10,5,3,11,12,15
19.40,6,14,8,9,1,7,2,13,4,10,5,3,11,12,15
19.50,6,14,8,9,1,7,2,13,4,10,5,3,11,12,15
19.60,6,14,8,9,1,7,2,13,4,10,5,3,11,12,15
19.70,6,14,8,9,1,7,2,13,4,10,5,3,11,12,15
19.80,6,14,8,9,1,7,2,13,4,10,5,3,11,12,15
19.90,6,14,8,9,1,7,2,13,4,10,5,3,11,12,15
20.00,6,14,8,9,1,7,2,13,4,10,5,3,11,12,15
20.10,6,14,8,9,1,7,2,13,4,10,5,3,11,12,15
20.20,6,14,8,9,1,7,2,13,4,10,5,3,11,12,15
20.30,6,14,8,9,1,7,2,13,4,10,5,3,11,12,15
20.40,6,14,8,9,1,7,2,13,4,10,5,3,11,12,15
20.50,6,14,8,9,1,7,2,13,4,10,5,3,11,12,15
20.60,6,14,8,9,1,7,2,13,4,10,5,3,11,12,15
20.70,6,14,8,9,1,7,2,13,4,10,5,3,11,12,15
20.80,6,14,8,9,1,7,2,13,4,10,5,3,11,12,15
20.90,6,14,8,9,1,7,2,13,4,10,5,3,11,12,15
21.00,6,14,8,9,1,7,2,13,4,10,5,3,11,12,15
21.10,6,14,8,9,1,7,2,13,4,10,5,3,11,12,15
21.20,6,14,8,9,1,7,2,13,4,10,5,3,11,12,15
21.30,6,14,8,9,1,7,2,13,4,10,5,3,11,12,15
21.40,6,14,8,9,1,7,2,13,4,10,5,3,11,12,15
21.50,6,14,8,9,1,7,2,13,4,10,5,3,11,12,15
21.60,6,14,8,9,1,7,2,13,4,10,5,3,11,12,15
21.70,6,14,8,9,1,7,2,13,4,10,5,3,11,12,15
21.80,6,14,8,9,1,7,2,13,4,10,5,3,11,12,15
21.90,6,14,8,9,1,7,2,13,4,10,5,3,11,12,15
22.00,6,14,8,9,1,7,2,13,4,10,5,3,11,12,15
22.10,6,14,8,9,1,7,2,13,4,10,5,3,11,12,15
22.20,6,14,8,9,1,7,2,13,4,10,5,3,11,12,15
22.30,6,14,8,9,1,7,2,13,4,10,5,3,11,12,15
22.40,6,14,8,9,1,7,2,13,4,10,5,3,11,12,15
22.50,6,14,8,9,1,7,2,13,4,10,5,3,11,12,15
22.60,6,14,8,9,1,7,2,13,4,10,5,3,11,12,15
22.70,6,14,8,9,1,7,2,13,4,10,5,3,11,12,15
22.80,6,14,8,9,1,7,2,13,4,10,5,3,11,12,15
22.90,6,14,8,9,1,7,2,13,4,10,5,3,11,12,15
23.00,6,14,8,9,1,7,2,13,4,10,5,3,11,12,15
23.10,6,14,8,9,1,7,2,13,4,10,5,3,11,12,15
23.20,6,14,8,9,1,7,2,13,4,10,5,3,11,12,15
23.30,6,14,8,9,1,7,2,13,4,10,5,3,11,12,15
23.40,6,14,8,9,1,7,2,13,4,10,5,3,11,12,15
23.50,6,14,8,9,1,7,2,13,4,10,5,3,11,12,15
23.60,6,14,8,9,1,7,2,13,4,10,5,3,11,12,15
23.70,6,14,8,9,1,7,2,13,4,10,5,3,11,12,15
23.80,6,14,8,9,1,7,2,13,4,10,5,3,11,12,15
23.90,6,14,8,9,1,7,2,13,4,10,5,3,11,12,15
24.00,6,14,8,9,1,7,2,13,4,10,5,3,11,12,15
24.10,6,14,8,9,1,7,2,13,4,10,5,3,11,12,15
24.20,6,14,8,9,1,7,2,13,4,10,5,3,11,12,15
24.30,6,14,8,9,1,7,2,13,4,10,5,3,11,12,15
24.40,6,14,8,9,1,7,2,13,4,10,5,3,11,12,15
24.50,6,14,8,9,1,7,2,13,4,10,5,3,11,12,15
24.60,6,14,8,9,1,7,2,13,4,10,5,3,11,12,15
24.70,6,14,8,9,1,7,2,13,4,10,5,3,11,12,15
24.80,6,14,8,9,1,7,2,13,4,10,5,3,11,12,15
24.90,6,14,8,9,1,7,2,13,4,10,5,3,11,12,15
25.00,6,14,8,9,1,7,2,13,4,10,5,3,11,12,15
25.10,6,14,8,9,1,7,2,13,4,10,5,3,11,12,15
25.20,6,14,8,9,1,7,2,13,4,10,5,3,11,12,15
25.30,6,14,8,9,1,7,2,13,4,10,5,3,11,12,15
25.40,6,14,8,9,1,7,2,13,4,10,5,3,11,12,15
25.50,6,14,8,9,1,7,2,13,4,10,5,3,11,12,15
25.60,6,14,8,9,1,7,2,13,4,10,5,3,11,12,15
25.70,6,14,8,9,1,7,2,13,4,10,5,3,11,12,15
25.80,6,14,8,9,1,7,2,13,4,10,5,3,11,12,15
25.90,6,14,8,9,1,7,2,13,4,10,5,3,11,12,15
26.00,6,14,8,9,1,7,2,13,4,10,5,3,11,12,15
26.10,6,14,8,9,1,7,2,13,4,10,5,3,11,12,15
26.20,6,14,8,9,1,7,2,13,4,10,5,3,11,12,15
26.30,6,14,8,9,1,7,2,13,4,10,5,3,11,12,15
26.40,6,14,8,9,1,7,2,13,4,10,5,3,11,12,15
26.50,6,14,8,9,1,7,2,13,4,10,5,3,11,12,15
26.60,6,14,8,9,1,7,2,13,4,10,5,3,11,12,15
26.70,6,14,8,9,1,7,2,13,4,10,5,3,11,12,15
26.80,6,14,8,9,1,7,2,13,4,10,5,3,11,12,15
26.90,6,14,8,9,1,7,2,13,4,10,5,3,11,12,15
27.00,6,14,8,9,1,7,2,13,4,10,5,3,11,12,15
27.10,6,14,8,9,1,7,2,13,4,10,5,3,11,12,15
27.20,6,14,8,9,1,7,2,13,4,10,5,3,11,12,15
27.30,6,14,8,9,1,7,2,13,4,10,5,3,11,12,15
27.40,6,14,8,9,1,7,2,13,4,10,5,3,11,12,15
27.50,6,14,8,9,1,7,2,13,4,10,5,3,11,12,15
27.60,6,14,8,9,1,7,2,13,4,10,5,3,11,12,15
27.70,6,14,8,9,1,7,2,13,4,10,5,3,11,12,15
27.80,6,14,8,9,1,7,2,13,4,10,5,3,11,12,15
27.90,6,14,8,9,1,7,2,13,4,10,5,3,11,12,15
28.00,6,14,8,9,1,7,2,13,4,10,5,3,11,12,15
28.10,6,14,8,9,1,7,2,13,4,10,5,3,11,12,15
28.20,6,14,8,9,1,7,2,13,4,10,5,3,11,12,15
28.30,6,14,8,9,1,7,2,13,4,10,5,3,11,12,15
28.40,6,14,8,9,1,7,2,13,4,10,5,3,11,12,15
28.50,6,14,8,9,1,7,2,13,4,10,5,3,11,12,15
28.60,6,14,8,9,1,7,2,13,4,10,5,3,11,12,15
28.70,6,14,8,9,1,7,2,13,4,10,5,3,11,12,15
28.80,6,14,8,9,1,7,2,13,4,10,5,3,11,12,15
28.90,6,14,8,9,1,7,2,13,4,10,5,3,11,12,15
29.00,6,14,8,9,1,7,2,13,4,10,5,3,11,12,15
29.10,6,14,8,9,1,7,2,13,4,10,5,3,11,12,15
29.20,6,14,8,9,1,7,2,13,4,10,5,3,11,12,15
29.30,6,14,8,9,1,7,2,13,4,10,5,3,11,12,15
29.40,6,14,8,9,1,7,2,13,4,10,5,3,11,12,15
29.50,6,14,8,9,1,7,2,13,4,10,5,3,11,12,15
29.60,6,14,8,9,1,7,2,13,4,10,5,3,11,12,15
29.70,6,14,8,9,1,7,2,13,4,10,5,3,11,12,15
29.80,6,14,8,9,1,7,2,13,4,10,5,3,11,12,15
29.90,6,14,8,9,1,7,2,13,4,10,5,3,11,12,15
30.00,6,14,8,9,1,7,2,13,4,10,5,3,11,12,15
30.10,6,14,8,9,1,7,2,13,4,10,5,3,11,12,15
30.20,6,14,8,9,1,7,2,13,4,10,5,3,11,12,15
30.30,6,14,8,9,1,7,2,13,4,10,5,3,11,12,15
30.40,6,14,8,9,1,7,2,13,4,10,5,3,11,12,15
30.50,6,14,8,9,1,7,2,13,4,10,5,3,11,12,15
30.60,6,14,8,9,1,7,2,13,4,10,5,3,11,12,15
30.70,6,14,8,9,1,7,2,13,4,10,5,3,11,12,15
30.80,6,14,8,9,1,7,2,13,4,10,5,3,11,12,15
30.90,6,14,8,9,1,7,2,13,4,10,5,3,11,12,15
31.00,6,14,8,9,1,7,2,13,4,10,5,3,11,12,15
31.10,6,14,8,9,1,7,2,13,4,10,5,3,11,12,15
31.20,6,14,8,9,1,7,2,13,4,10,5,3,11,12,15
31.30,6,14,8,9,1,7,2,13,4,10,5,3,11,12,15
31.40,6,14,8,9,1,7,2,13,4,10,5,3,11,12,15
31.50,6,14,8,9,1,7,2,13,4,10,5,3,11,12,15
31.60,6,14,8,9,1,7,2,13,4,10,5,3,11,12,15
31.70,6,14,8,9,1,7,2,13,4,10,5,3,11,12,15
31.80,6,14,8,9,1,7,2,13,4,10,5,3,11,12,15
31.90,6,14,8,9,1,7,2,13,4,10,5,3,11,12,15
32.00,6,14,8,9,1,7,2,13,4,10,5,3,11,12,15
32.10,6,14,8,9,1,7,2,13,4,10,5,3,11,12,15
32.20,6,14,8,9,1,7,2,13,4,10,5,3,11,12,15
32.30,6,14,8,9,1,7,2,13,4,10,5,3,11,12,15
32.40,6,14,8,9,1,7,2,13,4,10,5,3,11,12,15
32.50,6,14,8,9,1,7,2,13,4,10,5,3,11,12,15
32.60,6,14,8,9,1,7,2,13,4,10,5,3,11,12,15
32.70,6,14,8,9,1,7,2,13,4,10,5,3,11,12,15
32.80,6,14,8,9,1,7,2,13,4,10,5,3,11,12,15
32.90,6,14,8,9,1,7,2,13,4,10,5,3,11,12,15
33.00,6,14,8,9,1,7,2,13,4,10,5,3,11,12,15
33.10,6,14,8,9,1,7,2,13,4,10,5,3,11,12,15
33.20,6,14,8,9,1,7,2,13,4,10,5,3,11,12,15
33.30,6,14,8,9,1,7,2,13,4,10,5,3,11,12,15
33.40,6,14,8,9,1,7,2,13,4,10,5,3,11,12,15
33.50,6,14,8,9,1,7,2,13,4,10,5,3,11,12,15
33.60,6,14,7,9,1,8,2,13,4,10,5,3,11,12,15
33.70,6,14,7,9,1,8,2,13,4,10,5,3,11,12,15
33.80,6,14,7,9,1,8,2,13,4,10,5,3,11,12,15
33.90,6,14,7,9,1,8,2,13,4,10,5,3,11,12,15
34.00,6,14,7,9,1,8,2,13,4,10,5,3,11,12,15
34.10,6,14,7,9,1,8,2,13,4,10,5,3,11,12,15
34.20,6,14,7,9,1,8,2,13,4,10,5,3,11,12,15
34.30,6,14,7,9,1,8,2,13,4,10,5,3,11,12,15
34.40,6,14,7,9,1,8,2,13,4,10,5,3,11,12,15
34.50,6,14,7,9,1,8,2,13,4,10,5,3,11,12,15
34.60,6,14,7,9,1,8,2,13,4,10,5,3,11,12,15
34.70,6,14,7,9,1,8,2,13,4,10,5,3,11,12,15
34.80,6,14,7,9,1,8,2,13,4,10,5,3,11,12,15
34.90,6,14,7,9,1,8,2,13,4,10,5,3,11,12,15
35.00,6,14,7,9,1,8,2,13,4,10,5,3,11,12,15
35.10,6,14,7,9,1,8,2,13,4,10,5,3,11,12,15
35.20,6,14,7,9,1,8,2,13,4,10,5,3,11,12,15
35.30,6,14,7,9,1,8,2,13,4,10,5,3,11,12,15
35.40,6,14,7,9,1,8,2,13,4,10,5,3,11,12,15
35.50,6,14,7,9,1,8,2,13,4,10,5,3,11,12,15
35.60,6,14,7,9,1,8,2,13,4,10,5,3,11,12,15
35.70,6,14,7,9,1,8,2,13,4,10,5,3,11,12,15
35.80,6,14,7,9,1,8,2,13,4,10,5,3,11,12,15
35.90,6,14,7,9,1,8,2,13,4,10,5,3,11,12,15
36.00,6,14,7,9,1,8,2,13,4,10,5,3,11,12,15
36.10,6,14,7,9,1,8,2,13,4,10,5,3,11,12,15
36.20,6,14,7,9,1,8,2,13,4,10,5,3,11,12,15
36.30,6,14,7,9,1,8,2,13,4,10,5,3,11,12,15
36.40,6,14,7,9,1,8,2,13,4,10,5,3,11,12,15
36.50,6,14,7,9,1,8,2,13,4,10,5,3,11,12,15
36.60,6,14,7,9,1,8,2,13,4,10,5,3,11,12,15
36.70,6,14,7,9,1,8,2,13,4,10,5,3,11,12,15
36.80,6,14,7,9,1,8,2,13,4,10,5,3,11,12,15
36.90,6,14,7,9,1,8,2,13,4,10,5,3,11,12,15
37.00,6,14,7,9,1,8,2,13,4,10,5,3,11,12,15
37.10,6,14,7,9,1,8,2,13,4,10,5,3,11,12,15
37.20,6,14,7,9,1,8,2,13,4,10,5,3,11,12,15
37.30,6,14,7,9,1,8,2,13,4,10,5,3,11,12,15
37.40,6,14,7,9,1,8,2,13,4,10,5,3,11,12,15
37.50,6,14,7,9,1,8,2,13,4,10,5,3,11,12,15
37.60,6,14,7,9,1,8,2,13,4,10,5,3,11,12,15
37.70,6,14,7,9,1,8,2,13,4,10,5,3,11,12,15
37.80,6,14,7,9,1,8,2,13,4,10,5,3,11,12,15
37.90,6,14,7,9,1,8,2,13,4,10,5,3,11,12,15
38.00,6,14,7,9,1,8,2,13,4,10,5,3,11,12,15
38.10,6,14,7,9,1,8,2,13,4,10,5,3,11,12,15
38.20,6,14,7,9,1,8,2,13,4,10,5,3,11,12,15
38.30,6,14,7,9,1,8,2,13,4,10,5,3,11,12,15
38.40,6,14,7,9,1,8,2,13,4,10,5,3,11,12,15
38.50,6,14,7,9,1,8,2,13,4,10,5,3,11,12,15
38.60,6,14,7,9,1,8,2,13,4,10,5,3,11,12,15
38.70,6,14,7,9,1,8,2,13,4,10,5,3,11,12,15
38.80,6,14,7,9,1,8,2,13,4,10,5,3,11,12,15
38.90,6,14,7,9,1,8,2,13,4,10,5,3,11,12,15
39.00,6,14,7,9,1,8,2,13,4,10,5,3,11,12,15
39.10,6,14,7,9,1,8,2,13,4,10,5,3,11,12,15
39.20,6,14,7,9,1,8,2,13,4,10,5,3,11,12,15
39.30,6,14,7,9,1,8,2,13,4,10,5,3,11,12,15
39.40,6,14,7,9,1,8,2,13,4,10,5,3,11,12,15
39.50,6,14,7,9,1,8,2,13,4,10,5,3,11,12,15
39.60,6,14,7,9,1,8,2,13,4,10,5,3,11,12,15
39.70,6,14,7,9,1,8,2,13,4,10,5,3,11,12,15
39.80,6,14,7,9,1,8,2,13,4,10,5,3,11,12,15
39.90,6,14,7,9,1,8,2,13,4,10,5,3,11,12,15
40.00,6,14,7,9,1,8,2,13,4,10,5,3,11,12,15
40.10,6,14,7,9,1,8,2,13,4,10,5,3,11,12,15
40.20,6,14,7,9,1,8,2,13,4,10,5,3,11,12,15
40.30,6,14,7,9,1,8,2,13,4,10,5,3,11,12,15
40.40,6,14,7,9,1,8,2,13,4,10,5,3,11,12,15
40.50,6,14,7,9,1,8,2,13,4,10,5,3,11,12,15
40.60,6,14,7,9,1,8,2,13,4,10,5,3,11,12,15
40.70,6,14,7,9,1,8,2,13,4,10,5,3,11,12,15
40.80,6,14,7,9,1,8,2,13,4,10,5,3,11,12,15
40.90,6,14,7,9,1,8,2,13,4,10,5,3,11,12,15
41.00,6,14,7,9,1,8,2,13,4,10,5,3,11,12,15
41.10,6,14,7,9,1,8,2,13,4,10,5,3,11,12,15
41.20,6,14,7,9,1,8,2,13,4,10,5,3,11,12,15
41.30,6,14,7,9,1,8,2,13,4,10,5,3,11,12,15
41.40,6,14,7,9,1,8,2,13,4,10,5,3,11,12,15
41.50,6,14,7,9,1,8,2,13,4,10,5,3,11,12,15
41.60,6,14,7,9,1,8,2,13,4,10,5,3,11,12,15
41.70,6,14,7,9,1,8,2,13,4,10,5,3,11,12,15
41.80,6,14,7,9,1,8,2,13,4,10,5,3,11,12,15
41.90,6,14,7,9,1,8,2,13,4,10,5,3,11,12,15
42.00,6,14,7,9,1,8,2,13,4,10,5,3,11,12,15
42.10,6,14,7,9,1,8,2,13,4,10,5,3,11,12,15
42.20,6,14,7,9,1,8,2,13,4,10,5,3,11,12,15
42.30,6,14,7,9,1,8,2,13,4,10,5,3,11,12,15
42.40,6,14,7,9,1,8,2,13,4,10,5,3,11,12,15
42.50,6,14,7,9,1,8,2,13,4,10,5,3,11,12,15
42.60,6,14,7,9,1,8,2,13,4,10,5,3,11,12,15
42.70,6,14,7,9,1,8,2,13,4,10,5,3,11,12,15
42.80,6,14,7,9,1,8,2,13,4,10,5,3,11,12,15
42.90,6,14,7,9,1,8,2,13,4,10,5,3,11,12,15
43.00,6,14,7,9,1,8,2,13,4,10,5,3,11,12,15
43.10,6,14,7,9,1,8,2,13,4,10,5,3,11,12,15
43.20,6,14,7,9,1,8,2,13,4,10,5,3,11,12,15
43.30,6,14,7,9,1,8,2,13,4,10,5,3,11,12,15
43.40,6,14,7,9,1,8,2,13,4,10,5,3,11,12,15
43.50,6,14,7,9,1,8,2,13,4,10,5,3,11,12,15
43.60,6,14,7,9,1,8,2,13,4,10,5,3,11,12,15
43.70,6,14,7,9,1,8,2,13,4,10,5,3,11,12,15
43.80,6,14,7,9,1,8,2,13,4,10,5,3,11,12,15
43.90,6,14,7,9,1,8,2,13,4,10,5,3,11,12,15
44.00,6,14,7,9,1,8,2,13,4,10,5,3,11,12,15
44.10,6,14,7,9,1,8,2,13,4,10,5,3,11,12,15
44.20,6,14,7,9,1,8,2,13,4,10,5,3,11,12,15
44.30,6,14,7,9,1,8,2,13,4,10,5,3,11,12,15
44.40,6,14,7,9,1,8,2,13,4,10,5,3,11,12,15
44.50,6,14,7,9,1,8,2,13,4,10,5,3,11,12,15
44.60,6,14,7,9,1,8,2,13,4,10,5,3,11,12,15
44.70,6,14,7,9,1,8,2,13,4,10,5,3,11,12,15
44.80,6,14,7,9,1,8,2,13,4,10,5,3,11,12,15
44.90,6,14,7,9,1,8,2,13,4,10,5,3,11,12,15
45.00,6,14,7,9,1,8,2,13,4,10,5,3,11,12,15
45.10,6,14,7,9,1,8,2,13,4,10,5,3,11,12,15
45.20,6,14,7,9,1,8,2,13,4,10,5,3,11,12,15
45.30,6,14,7,9,1,8,2,13,4,10,5,3,11,12,15
45.40,6,14,7,9,1,8,2,13,4,10,5,3,11,12,15
45.50,6,14,7,9,1,8,2,13,4,10,5,3,11,12,15
45.60,6,14,7,9,1,8,2,13,4,10,5,3,11,12,15
45.70,6,14,7,9,1,8,2,13,4,10,5,3,11,12,15
45.80,6,14,7,9,1,8,2,13,4,10,5,3,11,12,15
45.90,6,14,7,9,1,8,2,13,4,10,5,3,11,12,15
46.00,6,14,7,9,1,8,2,13,4,10,5,3,11,12,15
46.10,6,14,7,9,1,8,2,13,4,10,5,3,11,12,15
46.20,6,14,7,9,1,8,2,13,4,10,5,3,11,12,15
46.30,6,14,7,9,1,8,2,13,4,10,5,3,11,12,15
46.40,6,14,7,9,1,8,2,13,4,10,5,3,11,12,15
46.50,6,14,7,9,1,8,2,13,4,10,5,3,11,12,15
46.60,6,14,7,9,1,8,2,13,4,10,5,3,11,12,15
46.70,6,14,7,9,1,8,2,13,4,10,5,3,11,12,15
46.80,6,14,7,9,1,8,2,13,4,10,5,3,11,12,15
46.90,6,14,7,9,1,8,2,13,4,10,5,3,11,12,15
47.00,6,14,7,9,1,8,2,13,4,10,5,3,11,12,15
47.10,6,14,7,9,1,8,2,13,4,10,5,3,11,12,15
47.20,6,14,7,9,1,8,2,13,4,10,5,3,11,12,15
47.30,6,14,7,9,1,8,2,13,4,10,5,3,11,12,15
47.40,6,14,7,9,1,8,2,13,4,10,5,3,11,12,15
47.50,6,14,7,9,1,8,2,13,4,10,5,3,11,12,15
47.60,6,14,7,9,1,8,2,13,4,10,5,3,11,12,15
47.70,6,14,7,9,1,8,2,13,4,10,5,3,11,12,15
47.80,6,14,7,9,1,8,2,13,4,10,5,3,11,12,15
47.90,6,14,7,9,1,8,2,13,4,10,5,3,11,12,15
48.00,6,14,7,9,1,8,2,13,4,10,5,3,11,12,15
48.10,6,14,7,9,1,8,2,13,4,10,5,3,11,12,15
48.20,6,14,7,9,1,8,2,13,4,10,5,3,11,12,15
48.30,6,14,7,9,1,8,2,13,4,10,5,3,11,12,15
48.40,6,14,7,9,1,8,2,13,4,10,5,3,11,12,15
48.50,6,14,7,9,1,8,2,13,4,10,5,3,11,12,15
48.60,6,14,7,9,1,8,2,13,4,10,5,3,11,12,15
48.70,6,14,7,9,1,8,2,13,4,10,5,3,11,12,15
48.80,6,14,7,9,1,8,2,13,4,10,5,3,11,12,15
48.90,6,14,7,9,1,8,2,13,4,10,5,3,11,12,15
49.00,6,14,7,9,1,8,2,13,4,10,5,3,11,12,15
49.10,6,14,7,9,1,8,2,13,4,10,5,3,11,12,15
49.20,6,14,7,9,1,8,2,13,4,10,5,3,11,12,15
49.30,6,14,7,9,1,8,2,13,4,10,5,3,11,12,15
49.40,6,14,7,9,1,8,2,13,4,10,5,3,11,12,15
49.50,6,14,7,9,1,8,2,13,4,10,5,3,11,12,15
49.60,6,14,7,9,1,8,2,13,4,10,5,3,11,12,15
49.70,6,14,7,9,1,8,2,13,4,10,5,3,11,12,15
49.80,6,14,7,9,1,8,2,13,4,10,5,3,11,12,15
49.90,6,14,7,9,1,8,2,13,4,10,5,3,11,12,15
50.00,6,14,7,9,1,8,2,13,4,10,5,3,11,12,15
50.10,6,14,7,9,1,8,2,13,4,10,5,3,11,12,15
50.20,6,14,7,9,1,8,2,13,4,10,5,3,11,12,15
50.30,6,14,7,9,1,8,2,13,4,10,5,3,11,12,15
50.40,6,14,7,9,1,8,2,13,4,10,5,3,11,12,15
50.50,6,14,7,9,1,8,2,13,4,10,5,3,11,12,15
50.60,6,14,7,9,1,8,2,13,4,10,5,3,11,12,15
50.70,6,14,7,9,1,8,2,13,4,10,5,3,11,12,15
50.80,6,14,7,9,1,8,2,13,4,10,5,3,11,12,15
50.90,6,14,7,9,1,8,2,13,4,10,5,3,11,12,15
51.00,6,14,7,10,1,8,2,13,4,9,5,3,11,12,15
51.10,6,14,7,10,1,8,2,13,4,9,5,3,11,12,15
51.20,6,14,7,10,1,8,2,13,4,9,5,3,11,12,15
51.30,6,14,7,10,1,8,2,13,4,9,5,3,11,12,15
51.40,6,14,7,10,1,8,2,13,4,9,5,3,11,12,15
51.50,6,14,7,10,1,8,2,13,4,9,5,3,11,12,15
51.60,6,14,7,10,1,8,2,13,4,9,5,3,11,12,15
51.70,6,14,7,10,1,8,2,13,4,9,5,3,11,12,15
51.80,6,14,7,10,1,8,2,13,4,9,5,3,11,12,15
51.90,6,14,7,10,1,8,2,13,4,9,5,3,11,12,15
52.00,6,14,7,10,1,8,2,13,4,9,5,3,11,12,15
52.10,6,14,7,10,1,8,2,13,4,9,5,3,11,12,15
52.20,6,14,7,10,1,8,2,13,4,9,5,3,11,12,15
52.30,6,14,7,10,1,8,2,13,4,9,5,3,11,12,15
52.40,6,14,7,10,1,8,2,13,4,9,5,3,11,12,15
52.50,6,14,7,10,1,8,2,13,4,9,5,3,11,12,15
52.60,6,14,7,10,1,8,2,13,4,9,5,3,11,12,15
52.70,6,14,7,10,1,8,2,13,4,9,5,3,11,12,15
52.80,6,14,7,10,1,8,2,13,4,9,5,3,11,12,15
52.90,6,14,7,10,1,8,2,13,4,9,5,3,11,12,15
53.00,6,14,7,10,1,8,2,13,4,9,5,3,11,12,15
53.10,6,14,7,10,1,8,2,13,4,9,5,3,11,12,15
53.20,6,14,7,10,1,8,2,13,4,9,5,3,11,12,15
53.30,6,14,7,10,1,8,2,13,4,9,5,3,11,12,15
53.40,6,14,7,10,1,8,2,13,4,9,5,3,11,12,15
53.50,6,14,7,10,1,8,2,13,4,9,5,3,11,12,15
53.60,6,14,7,10,1,8,2,13,4,9,5,3,11,12,15
53.70,6,14,7,10,1,8,2,13,4,9,5,3,11,12,15
53.80,6,14,7,10,1,8,2,13,4,9,5,3,11,12,15
53.90,6,14,7,10,1,8,2,13,4,9,5,3,11,12,15
54.00,6,14,7,10,1,8,2,13,4,9,5,3,11,12,15
54.10,6,14,7,10,1,8,2,13,4,9,5,3,11,12,15
54.20,6,14,7,10,1,8,2,13,4,9,5,3,11,12,15
54.30,6,14,7,10,1,8,2,13,4,9,5,3,11,12,15
54.40,6,14,7,10,1,8,2,13,4,9,5,3,11,12,15
54.50,6,14,7,10,1,8,2,13,4,9,5,3,11,12,15
54.60,6,14,7,10,1,8,2,13,4,9,5,3,11,12,15
54.70,6,14,7,10,1,8,2,13,4,9,5,3,11,12,15
54.80,6,14,7,10,1,8,2,13,4,9,5,3,11,12,15
54.90,6,14,7,10,1,8,2,13,4,9,5,3,11,12,15
55.00,6,14,7,10,1,8,2,13,4,9,5,3,11,12,15
55.10,6,14,7,10,1,8,2,13,4,9,5,3,11,12,15
55.20,6,14,7,10,1,8,2,13,4,9,5,3,11,12,15
55.30,6,14,7,10,1,8,2,13,4,9,5,3,11,12,15
55.40,6,14,7,10,1,8,2,13,4,9,5,3,11,12,15
55.50,6,14,7,10,1,8,2,13,4,9,5,3,11,12,15
55.60,6,14,7,10,1,8,2,13,4,9,5,3,11,12,15
55.70,6,14,7,10,1,8,2,13,4,9,5,3,11,12,15
55.80,6,14,7,10,1,8,2,13,4,9,5,3,11,12,15
55.90,6,14,7,10,1,8,2,13,4,9,5,3,11,12,15
56.00,6,14,7,10,1,8,2,13,4,9,5,3,11,12,15
56.10,6,14,7,10,1,8,2,13,4,9,5,3,11,12,15
56.20,6,14,7,10,1,8,2,13,4,9,5,3,11,12,15
56.30,6,14,7,10,1,8,2,13,4,9,5,3,11,12,15
56.40,6,14,7,10,1,8,2,13,4,9,5,3,11,12,15
56.50,6,14,7,10,1,8,2,13,4,9,5,3,11,12,15
56.60,6,14,7,10,1,8,2,13,4,9,5,3,11,12,15
56.70,6,14,7,10,1,8,2,13,4,9,5,3,11,12,15
56.80,6,14,7,10,1,8,2,13,4,9,5,3,11,12,15
56.90,6,14,7,10,1,8,2,13,4,9,5,3,11,12,15
57.00,6,14,7,10,1,8,2,13,4,9,5,3,11,12,15
57.10,6,14,7,10,1,8,2,13,4,9,5,3,11,12,15
57.20,6,14,7,10,1,8,2,13,4,9,5,3,11,12,15
57.30,6,14,7,10,1,8,2,13,4,9,5,3,11,12,15
57.40,6,14,7,10,1,8,2,13,4,9,5,3,11,12,15
57.50,6,14,7,10,1,8,2,13,4,9,5,3,11,12,15
57.60,6,14,7,10,1,8,2,13,4,9,5,3,11,12,15
57.70,6,14,7,10,1,8,2,13,4,9,5,3,11,12,15
57.80,6,14,7,10,1,8,2,13,4,9,5,3,11,12,15
57.90,6,14,7,10,1,8,2,13,4,9,5,3,11,12,15
58.00,6,14,7,10,1,8,2,13,4,9,5,3,11,12,15
58.10,6,14,7,10,1,8,2,13,4,9,5,3,11,12,15
58.20,6,14,7,10,1,8,2,13,4,9,5,3,11,12,15
58.30,6,14,7,10,1,8,2,13,4,9,5,3,11,12,15
58.40,6,14,7,10,1,8,2,13,4,9,5,3,11,12,15
58.50,6,14,7,10,1,8,2,13,4,9,5,3,11,12,15
58.60,6,14,7,10,1,8,2,13,4,9,5,3,11,12,15
58.70,6,14,7,10,1,8,2,13,4,9,5,3,11,12,15
58.80,6,14,7,10,1,8,2,13,4,9,5,3,11,12,15
58.90,6,14,7,10,1,8,2,13,4,9,5,3,11,12,15
59.00,6,14,7,10,1,8,2,13,4,9,5,3,11,12,15
59.10,6,14,7,10,1,8,2,13,4,9,5,3,11,12,15
59.20,6,14,7,10,1,8,2,13,4,9,5,3,11,12,15
59.30,6,14,7,10,1,8,2,13,4,9,5,3,11,12,15
59.40,6,14,7,10,1,8,2,13,4,9,5,3,11,12,15
59.50,6,14,7,10,1,8,2,13,4,9,5,3,11,12,15
59.60,6,14,7,10,1,8,2,13,4,9,5,3,11,12,15
59.70,6,14,7,10,1,8,2,13,4,9,5,3,11,12,15
59.80,6,14,7,10,1,8,2,13,4,9,5,3,11,12,15
59.90,6,14,7,10,1,8,2,13,4,9,5,3,11,12,15
60.00,6,14,7,10,1,8,2,13,4,9,5,3,11,12,15
60.10,6,14,7,10,1,8,2,13,4,9,5,3,11,12,15
60.20,6,14,7,10,1,8,2,13,4,9,5,3,11,12,15
60.30,6,14,7,10,1,8,2,13,4,9,5,3,11,12,15
60.40,6,14,7,10,1,8,2,13,4,9,5,3,11,12,15
60.50,6,14,7,10,1,8,2,13,4,9,5,3,11,12,15
60.60,6,14,7,10,1,8,2,13,4,9,5,3,11,12,15
60.70,6,14,7,10,1,8,2,13,4,9,5,3,11,12,15
60.80,6,14,7,10,1,8,2,13,4,9,5,3,11,12,15
60.90,6,14,7,10,1,8,2,13,4,9,5,3,11,12,15
61.00,6,14,7,10,1,8,2,13,4,9,5,3,11,12,15
61.10,6,14,7,10,1,8,2,13,4,9,5,3,11,12,15
61.20,6,14,7,10,1,8,2,13,4,9,5,3,11,12,15
61.30,6,14,7,10,1,8,2,13,4,9,5,3,11,12,15
61.40,6,14,7,10,1,8,2,13,4,9,5,3,11,12,15
61.50,6,14,7,10,1,8,2,13,4,9,5,3,11,12,15
61.60,6,14,7,10,1,8,2,13,4,9,5,3,11,12,15
61.70,6,14,7,10,1,8,2,13,4,9,5,3,11,12,15
61.80,6,14,7,10,1,8,2,13,4,9,5,3,11,12,15
61.90,6,14,7,10,1,8,2,13,4,9,5,3,11,12,15
62.00,6,14,7,10,1,8,2,13,4,9,5,3,11,12,15
62.10,6,14,7,10,1,8,2,13,4,9,5,3,11,12,15
62.20,6,14,7,10,1,8,2,13,4,9,5,3,11,12,15
62.30,6,14,7,10,1,8,2,13,4,9,5,3,11,12,15
62.40,6,14,7,10,1,8,2,13,4,9,5,3,11,12,15
62.50,6,14,7,10,1,8,2,13,4,9,5,3,11,12,15
62.60,6,14,7,10,1,8,2,13,4,9,5,3,11,12,15
62.70,6,14,7,10,1,8,2,13,4,9,5,3,11,12,15
62.80,6,14,7,10,1,8,2,13,4,9,5,3,11,12,15
62.90,6,14,7,10,1,8,2,13,4,9,5,3,11,12,15
63.00,6,14,7,10,1,8,2,13,4,9,5,3,11,12,15
63.10,6,14,7,10,1,8,2,13,4,9,5,3,11,12,15
63.20,6,14,7,10,1,8,2,13,4,9,5,3,11,12,15
63.30,6,14,7,10,1,8,2,13,4,9,5,3,11,12,15
63.40,6,14,7,10,1,8,2,13,4,9,5,3,11,12,15
63.50,6,14,7,10,1,8,2,13,4,9,5,3,11,12,15
63.60,6,14,7,10,1,8,2,13,4,9,5,3,11,12,15
63.70,6,14,7,10,1,8,2,13,4,9,5,3,11,12,15
63.80,6,14,7,10,1,8,2,13,4,9,5,3,11,12,15
63.90,6,14,7,10,1,8,2,13,4,9,5,3,11,12,15
64.00,6,14,7,10,1,8,2,13,4,9,5,3,11,12,15
64.10,6,14,7,10,1,8,2,13,4,9,5,3,11,12,15
64.20,6,14,7,10,1,8,2,13,4,9,5,3,11,12,15
64.30,6,14,7,10,1,8,2,13,4,9,5,3,11,12,15
64.40,6,14,7,10,1,8,2,13,4,9,5,3,11,12,15
64.50,6,14,7,10,1,8,2,13,4,9,5,3,11,12,15
64.60,6,14,7,10,1,8,2,13,4,9,5,3,11,12,15
64.70,6,14,7,10,1,8,2,13,4,9,5,3,11,12,15
64.80,6,14,7,10,1,8,2,13,4,9,5,3,11,12,15
64.90,6,14,7,10,1,8,2,13,4,9,5,3,11,12,15
65.00,6,14,7,10,1,8,2,13,4,9,5,3,11,12,15
65.10,6,14,7,10,1,8,2,13,4,9,5,3,11,12,15
65.20,6,14,7,10,1,8,2,13,4,9,5,3,11,12,15
65.30,6,14,7,10,1,8,2,13,4,9,5,3,11,12,15
65.40,6,14,7,10,1,8,2,13,4,9,5,3,11,12,15
65.50,6,14,7,10,1,8,2,13,4,9,5,3,11,12,15
65.60,6,14,7,10,1,8,2,13,4,9,5,3,11,12,15
65.70,6,14,7,10,1,8,2,13,4,9,5,3,11,12,15
65.80,6,14,7,10,1,8,2,13,4,9,5,3,11,12,15
65.90,6,14,7,10,1,8,2,13,4,9,5,3,11,12,15
66.00,6,14,7,10,1,8,2,13,4,9,5,3,11,12,15
66.10,6,14,7,10,1,8,2,13,4,9,5,3,11,12,15
66.20,6,14,7,10,1,8,2,13,4,9,5,3,11,12,15
66.30,6,14,7,10,1,8,2,13,4,9,5,3,11,12,15
66.40,6,14,7,10,1,8,2,13,4,9,5,3,11,12,15
66.50,6,14,7,10,1,8,2,13,4,9,5,3,11,12,15
66.60,6,14,7,10,1,8,2,13,4,9,5,3,11,12,15
66.70,6,14,7,10,1,8,2,13,4,9,5,3,11,12,15
66.80,6,14,7,10,1,8,2,13,4,9,5,3,11,12,15
66.90,6,14,7,10,1,8,2,13,4,9,5,3,11,12,15
67.00,6,14,7,10,1,8,2,13,4,9,5,3,11,12,15
67.10,6,14,7,10,1,8,2,13,4,9,5,3,11,12,15
67.20,6,14,7,10,1,8,2,13,4,9,5,3,11,12,15
67.30,6,14,7,10,1,8,2,13,4,9,5,3,11,12,15
67.40,6,14,7,10,1,8,2,13,4,9,5,3,11,12,15
67.50,6,14,7,10,1,8,2,13,4,9,5,3,11,12,15
67.60,6,14,7,10,1,8,2,13,4,9,5,3,11,12,15
67.70,6,14,7,10,1,8,2,13,4,9,5,3,11,12,15
67.80,6,14,7,10,1,8,2,13,4,9,5,3,11,12,15
67.90,6,14,7,10,1,8,2,13,4,9,5,3,11,12,15
68.00,6,14,7,10,1,8,2,13,4,9,5,3,11,12,15
68.10,6,14,7,10,1,8,2,13,4,9,5,3,11,12,15
68.20,6,14,7,10,1,8,2,13,4,9,5,3,11,12,15
68.30,6,14,7,10,1,8,2,13,4,9,5,3,11,12,15
68.40,6,14,7,10,1,8,2,13,4,9,5,3,11,12,15
68.50,6,14,7,10,1,8,2,13,4,9,5,3,11,12,15
68.60,6,14,7,10,1,8,2,13,4,9,5,3,11,12,15
68.70,6,14,7,10,1,8,2,13,4,9,5,3,11,12,15
68.80,6,14,7,10,1,8,2,13,4,9,5,3,11,12,15
68.90,6,14,7,10,1,8,2,13,4,9,5,3,11,12,15
69.00,6,14,7,10,1,8,2,13,4,9,5,3,11,12,15
69.10,6,14,7,10,1,8,2,13,4,9,5,3,11,12,15
69.20,6,14,7,10,1,8,2,13,4,9,5,3,11,12,15
69.30,6,14,7,10,1,8,2,13,4,9,5,3,11,12,15
69.40,6,14,7,10,1,8,2,13,4,9,5,3,11,12,15
69.50,6,14,7,10,1,8,2,13,4,9,5,3,11,12,15
69.60,6,14,7,10,1,8,2,13,4,9,5,3,11,12,15
69.70,6,14,7,10,1,8,2,13,4,9,5,3,11,12,15
69.80,6,14,7,10,1,8,2,13,4,9,5,3,11,12,15
69.90,6,14,7,10,1,8,2,13,4,9,5,3,11,12,15
70.00,6,14,7,10,1,8,2,13,4,9,5,3,11,12,15
70.10,6,14,7,10,1,8,2,13,4,9,5,3,11,12,15
70.20,6,14,7,10,1,8,2,13,4,9,5,3,11,12,15
70.30,6,14,7,10,1,8,2,13,4,9,5,3,11,12,15
70.40,6,14,7,10,1,8,2,13,4,9,5,3,11,12,15
70.50,6,14,7,10,1,8,2,13,4,9,5,3,11,12,15
70.60,6,14,7,10,1,8,2,13,4,9,5,3,11,12,15
70.70,6,14,7,10,1,8,2,13,4,9,5,3,11,12,15
70.80,6,14,7,10,1,8,2,13,4,9,5,3,11,12,15
70.90,6,14,7,10,1,8,2,13,4,9,5,3,11,12,15
71.00,6,14,7,10,1,8,2,13,4,9,5,3,11,12,15
71.10,6,14,7,10,1,8,2,13,4,9,5,3,11,12,15
71.20,6,14,7,10,1,8,2,13,4,9,5,3,11,12,15
71.30,6,14,7,10,1,8,2,13,4,9,5,3,11,12,15
71.40,6,14,7,10,1,8,2,13,4,9,5,3,11,12,15
71.50,6,14,7,10,1,8,2,13,4,9,5,3,11,12,15
71.60,6,14,7,10,1,8,2,13,4,9,5,3,11,12,15
71.70,6,14,7,10,1,8,2,13,4,9,5,3,11,12,15
71.80,6,14,7,10,1,8,2,13,4,9,5,3,11,12,15
71.90,6,14,7,10,1,8,2,13,4,9,5,3,11,12,15
72.00,6,14,7,10,1,8,2,13,4,9,5,3,11,12,15
72.10,6,14,7,10,1,8,2,13,4,9,5,3,11,12,15
72.20,6,14,7,10,1,8,2,13,4,9,5,3,11,12,15
72.30,6,14,7,10,1,8,2,13,4,9,5,3,11,12,15
72.40,6,14,7,10,1,8,2,13,4,9,5,3,11,12,15
72.50,6,14,7,10,1,8,2,13,4,9,5,3,11,12,15
72.60,6,14,7,10,1,8,2,13,4,9,5,3,11,12,15
72.70,6,14,7,10,1,8,2,13,4,9,5,3,11,12,15
72.80,6,14,7,10,1,8,2,13,4,9,5,3,11,12,15
72.90,6,14,7,10,1,8,2,13,4,9,5,3,11,12,15
73.00,6,14,7,10,1,8,2,13,4,9,5,3,11,12,15
73.10,6,14,7,10,1,8,2,13,4,9,5,3,11,12,15
73.20,6,14,7,10,1,8,2,13,4,9,5,3,11,12,15
73.30,6,14,7,10,1,8,2,13,4,9,5,3,11,12,15
73.40,6,14,7,10,1,8,2,13,4,9,5,3,11,12,15
73.50,6,14,7,10,1,8,2,13,4,9,5,3,11,12,15
73.60,6,14,7,10,1,8,2,13,4,9,5,3,11,12,15
73.70,6,14,7,10,1,8,2,13,4,9,5,3,11,12,15
73.80,6,14,7,10,1,8,2,13,4,9,5,3,11,12,15
73.90,6,14,7,10,1,8,2,13,4,9,5,3,11,12,15
74.00,6,14,7,10,1,8,2,13,4,9,5,3,11,12,15
74.10,6,14,7,10,1,8,2,13,4,9,5,3,11,12,15
74.20,7,14,6,10,1,8,2,13,4,9,5,3,11,12,15
74.30,7,14,6,10,1,8,2,13,4,9,5,3,11,12,15
74.40,7,14,6,10,1,8,2,13,4,9,5,3,11,12,15
74.50,7,14,6,10,1,8,2,13,4,9,5,3,11,12,15
74.60,7,14,6,10,1,8,2,13,4,9,5,3,11,12,15
74.70,7,14,6,10,1,8,2,13,4,9,5,3,11,12,15
74.80,7,14,6,10,1,8,2,13,4,9,5,3,11,12,15
74.90,7,14,6,10,1,8,2,13,4,9,5,3,11,12,15
75.00,7,14,6,10,1,8,2,13,4,9,5,3,11,12,15
75.10,7,14,6,10,1,8,2,13,4,9,5,3,11,12,15
75.20,7,14,6,10,1,8,2,13,4,9,5,3,11,12,15
75.30,7,14,6,10,1,8,2,13,4,9,5,3,11,12,15
75.40,7,14,6,10,1,8,2,13,4,9,5,3,11,12,15
75.50,7,14,6,10,1,8,2,13,4,9,5,3,11,12,15
75.60,7,14,6,10,1,8,2,13,4,9,5,3,11,12,15
75.70,7,14,6,10,1,8,2,13,4,9,5,3,11,12,15
75.80,7,14,6,10,1,8,2,13,4,9,5,3,11,12,15
75.90,7,14,6,10,1,8,2,13,4,9,5,3,11,12,15
76.00,7,14,6,10,1,8,2,13,4,9,5,3,11,12,15
76.10,7,14,6,10,1,8,2,13,4,9,5,3,11,12,15
76.20,7,14,6,10,1,8,2,13,4,9,5,3,11,12,15
76.30,7,14,6,10,1,8,2,13,4,9,5,3,11,12,15
76.40,7,14,6,10,1,8,2,13,4,9,5,3,11,12,15
76.50,7,14,6,10,1,8,2,13,4,9,5,3,11,12,15
76.60,7,14,6,10,1,8,2,13,4,9,5,3,11,12,15
76.70,7,14,6,10,1,8,2,13,4,9,5,3,11,12,15
76.80,7,14,6,10,1,8,2,13,4,9,5,3,11,12,15
76.90,7,14,6,10,1,8,2,13,4,9,5,3,11,12,15
77.00,7,14,6,10,1,8,2,13,4,9,5,3,11,12,15
77.10,7,14,6,10,1,8,2,13,4,9,5,3,11,12,15
77.20,7,14,6,10,1,8,2,13,4,9,5,3,11,12,15
77.30,7,14,6,10,1,8,2,13,4,9,5,3,11,12,15
77.40,7,14,6,10,1,8,2,13,4,9,5,3,11,12,15
77.50,7,14,6,10,1,8,2,13,4,9,5,3,11,12,15
77.60,7,14,6,10,1,8,2,13,4,9,5,3,11,12,15
77.70,7,14,6,10,1,8,2,13,4,9,5,3,11,12,15
77.80,7,14,6,10,1,8,2,13,4,9,5,3,11,12,15
77.90,7,14,6,10,1,8,2,13,4,9,5,3,11,12,15
78.00,7,14,6,10,1,8,2,13,4,9,5,3,11,12,15
78.10,7,14,6,10,1,8,2,13,4,9,5,3,11,12,15
78.20,7,14,6,10,1,8,2,13,4,9,5,3,11,12,15
78.30,7,14,6,10,1,8,2,13,4,9,5,3,11,12,15
78.40,7,14,6,10,1,8,2,13,4,9,5,3,11,12,15
78.50,7,14,6,10,1,8,2,13,4,9,5,3,11,12,15
78.60,7,14,6,10,1,8,2,13,4,9,5,3,11,12,15
78.70,7,14,6,10,1,8,2,13,4,9,5,3,11,12,15
78.80,7,14,6,10,1,8,2,13,4,9,5,3,11,12,15
78.90,7,14,6,10,1,8,2,13,4,9,5,3,11,12,15
79.00,7,14,6,10,1,8,2,13,4,9,5,3,11,12,15
79.10,7,14,6,10,1,8,2,13,4,9,5,3,11,12,15
79.20,7,14,6,10,1,8,2,13,4,9,5,3,11,12,15
79.30,7,14,6,10,1,8,2,13,4,9,5,3,11,12,15
79.40,7,14,6,10,1,8,2,13,4,9,5,3,11,12,15
79.50,7,14,6,10,1,8,2,13,4,9,5,3,11,12,15
79.60,7,14,6,10,1,8,2,13,4,9,5,3,11,12,15
79.70,7,14,6,10,1,8,2,13,4,9,5,3,11,12,15
79.80,7,14,6,10,1,8,2,13,4,9,5,3,11,12,15
79.90,7,14,6,10,1,8,2,13,4,9,5,3,11,12,15
80.00,7,14,6,10,1,8,2,13,4,9,5,3,11,12,15
80.10,7,14,6,10,1,8,2,13,4,9,5,3,11,12,15
80.20,7,14,6,10,1,8,2,13,4,9,5,3,11,12,15
80.30,7,14,6,10,1,8,2,13,4,9,5,3,11,12,15
80.40,7,14,6,10,1,8,2,13,4,9,5,3,11,12,15
80.50,7,14,6,10,1,8,2,13,4,9,5,3,11,12,15
80.60,7,14,6,10,1,8,2,13,4,9,5,3,11,12,15
80.70,7,14,6,10,1,8,2,13,4,9,5,3,11,12,15
80.80,7,14,6,10,1,8,2,13,4,9,5,3,11,12,15
80.90,7,14,6,10,1,8,2,13,4,9,5,3,11,12,15
81.00,7,14,6,10,1,8,2,13,4,9,5,3,11,12,15
81.10,7,14,6,10,1,8,2,13,4,9,5,3,11,12,15
81.20,7,14,6,10,1,8,2,13,4,9,5,3,11,12,15
81.30,7,14,6,10,1,8,2,13,4,9,5,3,11,12,15
81.40,7,14,6,10,1,8,2,13,4,9,5,3,11,12,15
81.50,7,14,6,10,1,8,2,13,4,9,5,3,11,12,15
81.60,7,14,6,10,1,8,2,13,4,9,5,3,11,12,15
81.70,7,14,6,10,1,8,2,13,4,9,5,3,11,12,15
81.80,7,14,6,10,1,8,2,13,4,9,5,3,11,12,15
81.90,7,14,6,10,1,8,2,13,4,9,5,3,11,12,15
82.00,7,14,6,10,1,8,2,13,4,9,5,3,11,12,15
82.10,7,14,6,10,1,8,2,13,4,9,5,3,11,12,15
82.20,7,14,6,10,1,8,2,13,4,9,5,3,11,12,15
82.30,7,14,6,10,1,8,2,13,4,9,5,3,11,12,15
82.40,7,14,6,10,1,8,2,13,4,9,5,3,11,12,15
82.50,7,14,6,10,1,8,2,13,4,9,5,3,11,12,15
82.60,7,14,6,10,1,8,2,13,4,9,5,3,11,12,15
82.70,7,14,6,10,1,8,2,13,4,9,5,3,11,12,15
82.80,7,14,6,10,1,8,2,13,4,9,5,3,11,12,15
82.90,7,14,6,10,1,8,2,13,4,9,5,3,11,12,15
83.00,7,14,6,10,1,8,2,13,4,9,5,3,11,12,15
83.10,7,14,6,10,1,8,2,13,4,9,5,3,11,12,15
83.20,7,14,6,10,1,8,2,13,4,9,5,3,11,12,15
83.30,7,14,6,10,1,8,2,13,4,9,5,3,11,12,15
83.40,7,14,6,10,1,8,2,13,4,9,5,3,11,12,15
83.50,7,14,6,10,1,8,2,13,4,9,5,3,11,12,15
83.60,7,14,6,10,1,8,2,13,4,9,5,3,11,12,15
83.70,7,14,6,10,1,8,2,13,4,9,5,3,11,12,15
83.80,7,14,6,10,1,8,2,13,4,9,5,3,11,12,15
83.90,7,14,6,10,1,8,2,13,4,9,5,3,11,12,15
84.00,7,14,6,10,1,8,2,13,4,9,5,3,11,12,15
84.10,7,14,6,10,1,8,2,13,4,9,5,3,11,12,15
84.20,7,14,6,10,1,8,2,13,4,9,5,3,11,12,15
84.30,7,14,6,10,1,8,2,13,4,9,5,3,11,12,15
84.40,7,14,6,10,1,8,2,13,4,9,5,3,11,12,15
84.50,7,14,6,10,1,8,2,13,4,9,5,3,11,12,15
84.60,7,14,6,10,1,8,2,13,4,9,5,3,11,12,15
84.70,7,14,6,10,1,8,2,13,4,9,5,3,11,12,15
84.80,7,14,6,10,1,8,2,13,4,9,5,3,11,12,15
84.90,7,14,6,10,1,8,2,13,4,9,5,3,11,12,15
85.00,7,14,6,10,1,8,2,13,4,9,5,3,11,12,15
85.10,7,14,6,10,1,8,2,13,4,9,5,3,11,12,15
85.20,7,14,6,10,1,8,2,13,4,9,5,3,11,12,15
85.30,7,14,6,10,1,8,2,13,4,9,5,3,11,12,15
85.40,7,14,6,10,1,8,2,13,4,9,5,3,11,12,15
85.50,7,14,6,10,1,8,2,13,4,9,5,3,11,12,15
85.60,7,14,6,10,1,8,2,13,4,9,5,3,11,12,15
85.70,7,14,6,10,1,8,2,13,4,9,5,3,11,12,15
85.80,7,14,6,10,1,8,2,13,4,9,5,3,11,12,15
85.90,7,14,6,10,1,8,2,13,4,9,5,3,11,12,15
86.00,7,14,6,10,1,8,2,13,4,9,5,3,11,12,15
86.10,7,14,6,10,1,8,2,13,4,9,5,3,11,12,15
86.20,7,14,6,10,1,8,2,13,4,9,5,3,11,12,15
86.30,7,14,6,10,1,8,2,13,4,9,5,3,11,12,15
86.40,7,14,6,10,1,8,2,13,4,9,5,3,11,12,15
86.50,7,14,6,10,1,8,2,13,4,9,5,3,11,12,15
86.60,7,14,6,10,1,8,2,13,4,9,5,3,11,12,15
86.70,7,14,6,10,1,8,2,13,4,9,5,3,11,12,15
86.80,7,14,6,10,1,8,2,13,4,9,5,3,11,12,15
86.90,7,14,6,10,1,8,2,13,4,9,5,3,11,12,15
87.00,7,14,6,10,1,8,2,13,4,9,5,3,11,12,15
87.10,7,14,6,10,1,8,2,13,4,9,5,3,11,12,15
87.20,7,14,6,10,1,8,2,13,4,9,5,3,11,12,15
87.30,7,14,6,10,1,8,2,13,4,9,5,3,11,12,15
87.40,7,14,6,10,1,8,2,13,4,9,5,3,11,12,15
87.50,7,14,6,10,1,8,2,13,4,9,5,3,11,12,15
87.60,7,14,6,10,1,8,2,13,4,9,5,3,11,12,15
87.70,7,14,6,10,1,8,2,13,4,9,5,3,11,12,15
87.80,7,14,6,10,1,8,2,13,4,9,5,3,11,12,15
87.90,7,14,6,10,1,8,2,13,4,9,5,3,11,12,15
88.00,7,14,6,10,1,8,2,13,4,9,5,3,11,12,15
88.10,7,14,6,10,1,8,2,13,4,9,5,3,11,12,15
88.20,7,14,6,10,1,8,2,13,4,9,5,3,11,12,15
88.30,7,14,6,10,1,8,2,13,4,9,5,3,11,12,15
88.40,7,14,6,10,1,8,2,13,4,9,5,3,11,12,15
88.50,7,14,6,10,1,8,2,13,4,9,5,3,11,12,15
88.60,7,14,6,10,1,8,2,13,4,9,5,3,11,12,15
88.70,7,14,6,10,1,8,2,13,4,9,5,3,11,12,15
88.80,7,14,6,10,1,8,2,13,4,9,5,3,11,12,15
88.90,7,14,6,10,1,8,2,13,4,9,5,3,11,12,15
89.00,7,14,6,10,1,8,2,13,4,9,5,3,11,12,15
89.10,7,14,6,10,1,8,2,13,4,9,5,3,11,12,15
89.20,7,14,6,10,1,8,2,13,4,9,5,3,11,12,15
89.30,7,14,6,10,1,8,2,13,4,9,5,3,11,12,15
89.40,7,14,6,10,1,8,2,13,4,9,5,3,11,12,15
89.50,7,14,6,10,1,8,2,13,4,9,5,3,11,12,15
89.60,7,14,6,10,1,8,2,13,4,9,5,3,11,12,15
89.70,7,14,6,10,1,8,2,13,4,9,5,3,11,12,15
89.80,7,14,6,10,1,8,2,13,4,9,5,3,11,12,15
89.90,7,14,6,10,1,8,2,13,4,9,5,3,11,12,15
90.00,7,14,6,10,1,8,2,13,4,9,5,3,11,12,15
90.10,7,14,6,10,1,8,2,13,4,9,5,3,11,12,15
90.20,7,14,6,10,1,8,2,13,4,9,5,3,11,12,15
90.30,7,14,6,10,1,8,2,13,4,9,5,3,11,12,15
90.40,7,14,6,10,1,8,2,13,4,9,5,3,11,12,15
90.50,7,14,6,10,1,8,2,13,4,9,5,3,11,12,15
90.60,7,14,6,10,1,8,2,13,4,9,5,3,11,12,15
90.70,7,14,6,10,1,8,2,13,4,9,5,3,11,12,15
90.80,7,14,6,10,1,8,2,13,4,9,5,3,11,12,15
90.90,7,14,6,10,1,8,2,13,4,9,5,3,11,12,15
91.00,7,14,6,10,1,8,2,13,4,9,5,3,11,12,15
91.10,7,14,6,10,1,8,2,13,4,9,5,3,11,12,15
91.20,7,14,6,10,1,8,2,13,4,9,5,3,11,12,15
91.30,7,14,6,10,1,8,2,13,4,9,5,3,11,12,15
91.40,7,14,6,10,1,8,2,13,4,9,5,3,11,12,15
91.50,7,14,6,10,1,8,2,13,4,9,5,3,11,12,15
91.60,7,14,6,10,1,8,2,13,4,9,5,3,11,12,15
91.70,7,14,6,10,1,8,2,13,4,9,5,3,11,12,15
91.80,7,14,6,10,1,8,2,13,4,9,5,3,11,12,15
91.90,7,14,6,10,1,8,2,13,4,9,5,3,11,12,15
92.00,7,14,6,10,1,8,2,13,4,9,5,3,11,12,15
92.10,7,14,6,10,1,8,2,13,4,9,5,3,11,12,15
92.20,7,14,6,10,1,8,2,13,4,9,5,3,11,12,15
92.30,7,14,6,10,1,8,2,13,4,9,5,3,11,12,15
92.40,7,14,6,10,1,8,2,13,4,9,5,3,11,12,15
92.50,7,14,6,10,1,8,2,13,4,9,5,3,11,12,15
92.60,7,14,6,10,1,8,2,13,4,9,5,3,11,12,15
92.70,7,14,6,10,1,8,2,13,4,9,5,3,11,12,15
92.80,7,14,6,10,1,8,2,13,4,9,5,3,11,12,15
92.90,7,14,6,10,1,8,2,13,4,9,5,3,11,12,15
93.00,7,14,6,10,1,8,2,13,4,9,5,3,11,12,15
93.10,7,14,6,10,1,8,2,13,4,9,5,3,11,12,15
93.20,7,14,6,10,1,8,2,13,4,9,5,3,11,12,15
93.30,7,14,6,10,1,8,2,13,4,9,5,3,11,12,15
93.40,7,14,6,10,1,8,2,13,4,9,5,3,11,12,15
93.50,7,14,6,10,1,8,2,13,4,9,5,3,11,12,15
93.60,7,14,6,10,1,8,2,13,4,9,5,3,11,12,15
93.70,7,14,6,10,1,8,2,13,4,9,5,3,11,12,15
93.80,7,14,6,10,1,8,2,13,4,9,5,3,11,12,15
93.90,7,14,6,10,1,8,2,13,4,9,5,3,11,12,15
94.00,7,14,6,10,1,8,2,13,4,9,5,3,11,12,15
94.10,7,14,6,10,1,8,2,13,4,9,5,3,11,12,15
94.20,7,14,6,10,1,8,2,13,4,9,5,3,11,12,15
94.30,7,14,6,10,1,8,2,13,4,9,5,3,11,12,15
94.40,7,14,6,10,1,8,2,13,4,9,5,3,11,12,15
94.50,7,14,6,10,1,8,2,13,4,9,5,3,11,12,15
94.60,7,14,6,10,1,8,2,13,4,9,5,3,11,12,15
94.70,7,14,6,10,1,8,2,13,4,9,5,3,11,12,15
94.80,7,14,6,10,1,8,2,13,4,9,5,3,11,12,15
94.90,7,14,6,10,1,8,2,13,4,9,5,3,11,12,15
95.00,7,14,6,10,1,8,2,13,4,9,5,3,11,12,15
95.10,7,14,6,10,1,8,2,13,4,9,5,3,11,12,15
95.20,7,14,6,10,1,8,2,13,4,9,5,3,11,12,15
95.30,7,14,6,10,1,8,2,13,4,9,5,3,11,12,15
95.40,7,14,6,10,1,8,2,13,4,9,5,3,11,12,15
95.50,7,14,6,10,1,8,2,13,4,9,5,3,11,12,15
95.60,7,14,6,10,1,8,2,13,4,9,5,3,11,12,15
95.70,7,14,6,10,1,8,2,13,4,9,5,3,11,12,15
95.80,7,14,6,10,1,8,2,13,4,9,5,3,11,12,15
95.90,7,14,6,10,1,8,2,13,4,9,5,3,11,12,15
96.00,7,14,6,10,1,8,2,13,4,9,5,3,11,12,15
96.10,7,14,6,10,1,8,2,13,4,9,5,3,11,12,15
96.20,7,14,6,10,1,8,2,13,4,9,5,3,11,12,15
96.30,7,14,6,10,1,8,2,13,4,9,5,3,11,12,15
96.40,7,14,6,10,1,8,2,13,4,9,5,3,11,12,15
96.50,7,14,6,10,1,8,2,13,4,9,5,3,11,12,15
96.60,7,14,6,10,1,8,2,13,4,9,5,3,11,12,15
96.70,7,14,6,10,1,8,2,13,4,9,5,3,11,12,15
96.80,7,14,6,10,1,8,2,13,4,9,5,3,11,12,15
96.90,7,14,6,10,1,8,2,13,4,9,5,3,11,12,15
97.00,7,14,6,10,1,8,2,13,4,9,5,3,11,12,15
97.10,7,14,6,10,1,8,2,13,4,9,5,3,11,12,15
97.20,7,14,6,10,1,8,2,13,4,9,5,3,11,12,15
97.30,7,14,6,10,1,8,2,13,4,9,5,3,11,12,15
97.40,7,14,6,10,1,8,2,13,4,9,5,3,11,12,15
97.50,7,14,6,10,1,8,2,13,4,9,5,3,11,12,15
97.60,7,14,6,10,1,8,2,13,4,9,5,3,11,12,15
97.70,7,14,6,10,1,8,2,13,4,9,5,3,11,12,15
97.80,7,14,6,10,1,8,2,13,4,9,5,3,11,12,15
97.90,7,14,6,10,1,8,2,13,4,9,5,3,11,12,15
98.00,7,14,6,10,1,8,2,13,4,9,5,3,11,12,15
98.10,7,14,6,10,1,8,2,13,4,9,5,3,11,12,15
98.20,7,14,6,10,1,8,2,13,4,9,5,3,11,12,15
98.30,7,14,6,10,1,8,2,13,4,9,5,3,11,12,15
98.40,7,14,6,10,1,8,2,13,4,9,5,3,11,12,15
98.50,7,14,6,10,1,8,2,13,4,9,5,3,11,12,15
98.60,7,14,6,10,1,8,2,13,4,9,5,3,11,12,15
98.70,7,14,6,10,1,8,2,13,4,9,5,3,11,12,15
98.80,7,14,6,10,1,8,2,13,4,9,5,3,11,12,15
98.90,7,14,6,10,1,8,2,13,4,9,5,3,11,12,15
99.00,7,14,6,10,1,8,2,13,4,9,5,3,11,12,15
99.10,7,14,6,10,1,8,2,13,4,9,5,3,11,12,15
99.20,7,14,6,10,1,8,2,13,4,9,5,3,11,12,15
99.30,7,14,6,10,1,8,2,13,4,9,5,3,11,12,15
99.40,7,14,6,10,1,8,2,13,4,9,5,3,11,12,15
99.50,7,14,6,10,1,8,2,13,4,9,5,3,11,12,15
99.60,7,14,6,10,1,8,2,13,4,9,5,3,11,12,15
99.70,7,14,6,10,1,8,2,13,4,9,5,3,11,12,15
99.80,7,14,6,10,1,8,2,13,4,9,5,3,11,12,15
99.90,7,14,6,10,1,8,2,13,4,9,5,3,11,12,15
100.00,7,14,6,10,1,8,2,13,4,9,5,3,11,12,15
100.10,7,14,6,10,1,8,2,13,4,9,5,3,11,12,15
100.20,7,14,6,10,1,8,2,13,4,9,5,3,11,12,15
100.30,7,14,6,10,1,8,2,13,4,9,5,3,11,12,15
100.40,7,14,6,10,1,8,2,13,4,9,5,3,11,12,15
100.50,7,14,6,10,1,8,2,13,4,9,5,3,11,12,15
100.60,7,14,6,10,1,8,2,13,4,9,5,3,11,12,15
100.70,7,14,6,10,1,8,2,13,4,9,5,3,11,12,15
100.80,7,14,6,10,1,8,2,13,4,9,5,3,11,12,15
100.90,7,14,6,10,1,8,2,13,4,9,5,3,11,12,15
101.00,7,14,6,10,1,8,2,13,4,9,5,3,11,12,15
